[{"model": "admin.logentry", "pk": 1, "fields": {"action_time": "2026-03-13T14:07:54.527Z", "user": "f64e220a-af25-4695-a728-32d75f9a8cd7", "content_type": 14, "object_id": "25caeb6c-c2c2-4957-ba0c-4391029a0af9", "object_repr": "sam", "action_flag": 1, "change_message": "[{\"added\": {}}]"}}, {"model": "admin.logentry", "pk": 2, "fields": {"action_time": "2026-03-13T14:14:50.727Z", "user": "f64e220a-af25-4695-a728-32d75f9a8cd7", "content_type": 11, "object_id": "fa9ca5e9-5b06-4b7e-857a-17005eb4a995", "object_repr": "hi", "action_flag": 1, "change_message": "[{\"added\": {}}]"}}, {"model": "admin.logentry", "pk": 3, "fields": {"action_time": "2026-03-13T14:17:35.905Z", "user": "f64e220a-af25-4695-a728-32d75f9a8cd7", "content_type": 14, "object_id": "e7af7b5e-dc58-4b46-929e-37bec23760a0", "object_repr": "வ ீர.மணியரச", "action_flag": 1, "change_message": "[{\"added\": {}}]"}}, {"model": "admin.logentry", "pk": 4, "fields": {"action_time": "2026-03-13T14:20:22.568Z", "user": "f64e220a-af25-4695-a728-32d75f9a8cd7", "content_type": 11, "object_id": "c066c28a-9776-4138-a251-a135b5c1fd22", "object_repr": "இகல", "action_flag": 1, "change_message": "[{\"added\": {}}]"}}, {"model": "admin.logentry", "pk": 5, "fields": {"action_time": "2026-03-13T15:14:09.707Z", "user": "f64e220a-af25-4695-a728-32d75f9a8cd7", "content_type": 11, "object_id": "fa9ca5e9-5b06-4b7e-857a-17005eb4a995", "object_repr": "hi", "action_flag": 3, "change_message": ""}}, {"model": "admin.logentry", "pk": 6, "fields": {"action_time": "2026-03-13T15:15:45.754Z", "user": "f64e220a-af25-4695-a728-32d75f9a8cd7", "content_type": 14, "object_id": "25caeb6c-c2c2-4957-ba0c-4391029a0af9", "object_repr": "sam", "action_flag": 3, "change_message": ""}}, {"model": "admin.logentry", "pk": 7, "fields": {"action_time": "2026-03-14T06:22:41.454Z", "user": "f64e220a-af25-4695-a728-32d75f9a8cd7", "content_type": 11, "object_id": "c066c28a-9776-4138-a251-a135b5c1fd22", "object_repr": "இகல", "action_flag": 2, "change_message": "[{\"changed\": {\"fields\": [\"Cover image\", \"Pdf file\"]}}]"}}, {"model": "admin.logentry", "pk": 8, "fields": {"action_time": "2026-03-14T06:37:51.422Z", "user": "f64e220a-af25-4695-a728-32d75f9a8cd7", "content_type": 11, "object_id": "c066c28a-9776-4138-a251-a135b5c1fd22", "object_repr": "இகல", "action_flag": 2, "change_message": "[{\"changed\": {\"fields\": [\"Cover image\"]}}]"}}, {"model": "admin.logentry", "pk": 9, "fields": {"action_time": "2026-03-14T07:32:42.214Z", "user": "f64e220a-af25-4695-a728-32d75f9a8cd7", "content_type": 11, "object_id": "c066c28a-9776-4138-a251-a135b5c1fd22", "object_repr": "இகல", "action_flag": 2, "change_message": "[{\"changed\": {\"fields\": [\"Cover image\", \"Pdf file\"]}}]"}}, {"model": "admin.logentry", "pk": 10, "fields": {"action_time": "2026-03-14T09:25:32.135Z", "user": "f64e220a-af25-4695-a728-32d75f9a8cd7", "content_type": 11, "object_id": "c066c28a-9776-4138-a251-a135b5c1fd22", "object_repr": "இகல", "action_flag": 3, "change_message": ""}}, {"model": "admin.logentry", "pk": 11, "fields": {"action_time": "2026-03-14T09:26:29.391Z", "user": "f64e220a-af25-4695-a728-32d75f9a8cd7", "content_type": 14, "object_id": "403c12d4-2b6b-4d63-b8d5-f84a17e9a816", "object_repr": "வ ீர.மணியரசு", "action_flag": 1, "change_message": "[{\"added\": {}}]"}}, {"model": "admin.logentry", "pk": 12, "fields": {"action_time": "2026-03-14T09:27:30.522Z", "user": "f64e220a-af25-4695-a728-32d75f9a8cd7", "content_type": 11, "object_id": "0be6dc38-c622-4a3d-813e-a12b4147397e", "object_repr": "இகல்", "action_flag": 1, "change_message": "[{\"added\": {}}]"}}, {"model": "admin.logentry", "pk": 13, "fields": {"action_time": "2026-03-14T09:31:33.826Z", "user": "f64e220a-af25-4695-a728-32d75f9a8cd7", "content_type": 14, "object_id": "e7af7b5e-dc58-4b46-929e-37bec23760a0", "object_repr": "வ ீர.மணியரச", "action_flag": 3, "change_message": ""}}, {"model": "admin.logentry", "pk": 14, "fields": {"action_time": "2026-03-14T14:37:03.129Z", "user": "f64e220a-af25-4695-a728-32d75f9a8cd7", "content_type": 10, "object_id": "96c7e0f1-d973-4da5-9c3b-96024b91f0a3", "object_repr": "Poetry", "action_flag": 1, "change_message": "[{\"added\": {}}]"}}, {"model": "admin.logentry", "pk": 15, "fields": {"action_time": "2026-03-14T14:38:54.009Z", "user": "f64e220a-af25-4695-a728-32d75f9a8cd7", "content_type": 11, "object_id": "0be6dc38-c622-4a3d-813e-a12b4147397e", "object_repr": "இகல்", "action_flag": 3, "change_message": ""}}, {"model": "admin.logentry", "pk": 16, "fields": {"action_time": "2026-03-14T14:40:24.415Z", "user": "f64e220a-af25-4695-a728-32d75f9a8cd7", "content_type": 11, "object_id": "e27f7982-5b30-4433-80d0-b27e6df74f93", "object_repr": "இகல்", "action_flag": 1, "change_message": "[{\"added\": {}}]"}}, {"model": "admin.logentry", "pk": 17, "fields": {"action_time": "2026-03-14T15:19:34.503Z", "user": "f64e220a-af25-4695-a728-32d75f9a8cd7", "content_type": 11, "object_id": "e27f7982-5b30-4433-80d0-b27e6df74f93", "object_repr": "இகல்", "action_flag": 3, "change_message": ""}}, {"model": "admin.logentry", "pk": 18, "fields": {"action_time": "2026-03-14T15:20:44.835Z", "user": "f64e220a-af25-4695-a728-32d75f9a8cd7", "content_type": 11, "object_id": "fdd77fba-9c36-4c4b-8158-38258258b434", "object_repr": "இகல", "action_flag": 1, "change_message": "[{\"added\": {}}]"}}, {"model": "admin.logentry", "pk": 19, "fields": {"action_time": "2026-03-14T15:51:55.475Z", "user": "f64e220a-af25-4695-a728-32d75f9a8cd7", "content_type": 11, "object_id": "fdd77fba-9c36-4c4b-8158-38258258b434", "object_repr": "இகல", "action_flag": 3, "change_message": ""}}, {"model": "admin.logentry", "pk": 20, "fields": {"action_time": "2026-03-15T02:01:30.363Z", "user": "f64e220a-af25-4695-a728-32d75f9a8cd7", "content_type": 15, "object_id": "6689bad8-52ed-4c73-8dbe-efede3c5eae6", "object_repr": "poem - 5⭐", "action_flag": 1, "change_message": "[{\"added\": {}}]"}}, {"model": "admin.logentry", "pk": 21, "fields": {"action_time": "2026-03-15T02:03:29.999Z", "user": "f64e220a-af25-4695-a728-32d75f9a8cd7", "content_type": 15, "object_id": "6689bad8-52ed-4c73-8dbe-efede3c5eae6", "object_repr": "poem - 5⭐", "action_flag": 2, "change_message": "[{\"changed\": {\"fields\": [\"Photo\", \"Has video\", \"Video type\", \"Video url\"]}}]"}}, {"model": "admin.logentry", "pk": 22, "fields": {"action_time": "2026-03-15T02:04:47.491Z", "user": "f64e220a-af25-4695-a728-32d75f9a8cd7", "content_type": 16, "object_id": "1", "object_repr": "bxrdtfhjvhj", "action_flag": 1, "change_message": "[{\"added\": {}}]"}}, {"model": "admin.logentry", "pk": 23, "fields": {"action_time": "2026-03-15T03:29:26.939Z", "user": "f64e220a-af25-4695-a728-32d75f9a8cd7", "content_type": 11, "object_id": "73ad5faa-00ec-4fa3-8c6a-fefd2fcb36ee", "object_repr": "இகல்", "action_flag": 1, "change_message": "[{\"added\": {}}]"}}, {"model": "admin.logentry", "pk": 24, "fields": {"action_time": "2026-03-15T03:45:26.345Z", "user": "f64e220a-af25-4695-a728-32d75f9a8cd7", "content_type": 11, "object_id": "73ad5faa-00ec-4fa3-8c6a-fefd2fcb36ee", "object_repr": "இகல்", "action_flag": 3, "change_message": ""}}, {"model": "admin.logentry", "pk": 25, "fields": {"action_time": "2026-03-15T03:47:17.763Z", "user": "f64e220a-af25-4695-a728-32d75f9a8cd7", "content_type": 11, "object_id": "5c5e2f72-b5b0-474a-8ed8-6754e55cf38e", "object_repr": "இகல்", "action_flag": 1, "change_message": "[{\"added\": {}}]"}}, {"model": "admin.logentry", "pk": 26, "fields": {"action_time": "2026-03-15T03:51:59.370Z", "user": "f64e220a-af25-4695-a728-32d75f9a8cd7", "content_type": 11, "object_id": "5c5e2f72-b5b0-474a-8ed8-6754e55cf38e", "object_repr": "இகல்", "action_flag": 3, "change_message": ""}}, {"model": "admin.logentry", "pk": 27, "fields": {"action_time": "2026-03-15T03:52:46.124Z", "user": "f64e220a-af25-4695-a728-32d75f9a8cd7", "content_type": 11, "object_id": "8bb985ca-983b-4dbe-b55c-aa1a69382724", "object_repr": "இகல்", "action_flag": 1, "change_message": "[{\"added\": {}}]"}}, {"model": "admin.logentry", "pk": 28, "fields": {"action_time": "2026-03-15T04:18:21.657Z", "user": "f64e220a-af25-4695-a728-32d75f9a8cd7", "content_type": 11, "object_id": "8bb985ca-983b-4dbe-b55c-aa1a69382724", "object_repr": "இகல்", "action_flag": 3, "change_message": ""}}, {"model": "admin.logentry", "pk": 29, "fields": {"action_time": "2026-03-15T04:18:48.937Z", "user": "f64e220a-af25-4695-a728-32d75f9a8cd7", "content_type": 11, "object_id": "1f5a5131-2f7a-4346-bf51-1ef53d26fd60", "object_repr": "இகல்", "action_flag": 1, "change_message": "[{\"added\": {}}]"}}, {"model": "admin.logentry", "pk": 30, "fields": {"action_time": "2026-03-15T04:20:01.577Z", "user": "f64e220a-af25-4695-a728-32d75f9a8cd7", "content_type": 16, "object_id": "1", "object_repr": "bxrdtfhjvhj", "action_flag": 2, "change_message": "[{\"changed\": {\"fields\": [\"Banner image\"]}}]"}}, {"model": "admin.logentry", "pk": 31, "fields": {"action_time": "2026-03-15T04:20:34.692Z", "user": "f64e220a-af25-4695-a728-32d75f9a8cd7", "content_type": 15, "object_id": "6689bad8-52ed-4c73-8dbe-efede3c5eae6", "object_repr": "poem - 5⭐", "action_flag": 2, "change_message": "[{\"changed\": {\"fields\": [\"Photo\"]}}]"}}, {"model": "admin.logentry", "pk": 32, "fields": {"action_time": "2026-03-15T04:53:51.278Z", "user": "f64e220a-af25-4695-a728-32d75f9a8cd7", "content_type": 11, "object_id": "1f5a5131-2f7a-4346-bf51-1ef53d26fd60", "object_repr": "இகல்", "action_flag": 2, "change_message": "[{\"changed\": {\"fields\": [\"Price\", \"Discount percentage\", \"Ebook price\", \"Physical price\", \"Stock\", \"Cover image\", \"Language\"]}}]"}}, {"model": "admin.logentry", "pk": 33, "fields": {"action_time": "2026-03-15T04:57:31.429Z", "user": "f64e220a-af25-4695-a728-32d75f9a8cd7", "content_type": 11, "object_id": "1f5a5131-2f7a-4346-bf51-1ef53d26fd60", "object_repr": "இகல்", "action_flag": 2, "change_message": "[{\"changed\": {\"fields\": [\"Cover image\", \"Pdf file\"]}}]"}}, {"model": "admin.logentry", "pk": 34, "fields": {"action_time": "2026-03-15T04:58:59.235Z", "user": "f64e220a-af25-4695-a728-32d75f9a8cd7", "content_type": 11, "object_id": "1f5a5131-2f7a-4346-bf51-1ef53d26fd60", "object_repr": "இகல்", "action_flag": 3, "change_message": ""}}, {"model": "admin.logentry", "pk": 35, "fields": {"action_time": "2026-03-15T05:00:15.350Z", "user": "f64e220a-af25-4695-a728-32d75f9a8cd7", "content_type": 11, "object_id": "7cf91c45-2d46-4670-a441-d8583820302c", "object_repr": "இகல்", "action_flag": 1, "change_message": "[{\"added\": {}}]"}}, {"model": "admin.logentry", "pk": 36, "fields": {"action_time": "2026-03-15T09:01:43.548Z", "user": "f64e220a-af25-4695-a728-32d75f9a8cd7", "content_type": 14, "object_id": "adfe7c91-da02-4d34-a181-94c3781489bb", "object_repr": "க ோ. கேமலதோ", "action_flag": 1, "change_message": "[{\"added\": {}}]"}}, {"model": "admin.logentry", "pk": 37, "fields": {"action_time": "2026-03-15T09:04:10.358Z", "user": "f64e220a-af25-4695-a728-32d75f9a8cd7", "content_type": 10, "object_id": "bb56f990-39f1-45b8-a574-1ba9f63fc8f6", "object_repr": "கவிதை", "action_flag": 1, "change_message": "[{\"added\": {}}]"}}, {"model": "admin.logentry", "pk": 38, "fields": {"action_time": "2026-03-15T09:09:11.877Z", "user": "f64e220a-af25-4695-a728-32d75f9a8cd7", "content_type": 11, "object_id": "db2369e6-4c2c-4cc3-9f29-d84cc47216f0", "object_repr": "காற்றில் கரைந்தரை", "action_flag": 1, "change_message": "[{\"added\": {}}]"}}, {"model": "admin.logentry", "pk": 39, "fields": {"action_time": "2026-03-15T09:19:22.641Z", "user": "f64e220a-af25-4695-a728-32d75f9a8cd7", "content_type": 14, "object_id": "adfe7c91-da02-4d34-a181-94c3781489bb", "object_repr": "ஹேமலதா கோ", "action_flag": 2, "change_message": "[{\"changed\": {\"fields\": [\"Name\", \"Biography\"]}}]"}}, {"model": "admin.logentry", "pk": 40, "fields": {"action_time": "2026-03-15T09:51:43.115Z", "user": "f64e220a-af25-4695-a728-32d75f9a8cd7", "content_type": 11, "object_id": "db2369e6-4c2c-4cc3-9f29-d84cc47216f0", "object_repr": "காற்றில் கரைந்தரை", "action_flag": 3, "change_message": ""}}, {"model": "admin.logentry", "pk": 41, "fields": {"action_time": "2026-03-15T09:53:39.300Z", "user": "f64e220a-af25-4695-a728-32d75f9a8cd7", "content_type": 11, "object_id": "127a5911-3861-4bbf-be1e-bcb45a16d03c", "object_repr": "காற்றில் கரைந்தவை", "action_flag": 1, "change_message": "[{\"added\": {}}]"}}, {"model": "admin.logentry", "pk": 42, "fields": {"action_time": "2026-03-15T09:54:16.014Z", "user": "f64e220a-af25-4695-a728-32d75f9a8cd7", "content_type": 11, "object_id": "7cf91c45-2d46-4670-a441-d8583820302c", "object_repr": "இகல்", "action_flag": 3, "change_message": ""}}, {"model": "admin.logentry", "pk": 43, "fields": {"action_time": "2026-03-15T09:58:10.570Z", "user": "f64e220a-af25-4695-a728-32d75f9a8cd7", "content_type": 14, "object_id": "491eabf3-e848-4233-a18b-97888b487672", "object_repr": "வே.விசாக்", "action_flag": 1, "change_message": "[{\"added\": {}}]"}}, {"model": "admin.logentry", "pk": 44, "fields": {"action_time": "2026-03-15T10:00:58.927Z", "user": "f64e220a-af25-4695-a728-32d75f9a8cd7", "content_type": 11, "object_id": "b5a512b3-a110-48ab-8151-d76680d2be97", "object_repr": "காதல் கனவு", "action_flag": 1, "change_message": "[{\"added\": {}}]"}}, {"model": "admin.logentry", "pk": 45, "fields": {"action_time": "2026-03-15T10:01:22.073Z", "user": "f64e220a-af25-4695-a728-32d75f9a8cd7", "content_type": 14, "object_id": "403c12d4-2b6b-4d63-b8d5-f84a17e9a816", "object_repr": "வ ீர.மணியரசு", "action_flag": 3, "change_message": ""}}, {"model": "admin.logentry", "pk": 46, "fields": {"action_time": "2026-03-15T10:06:10.713Z", "user": "f64e220a-af25-4695-a728-32d75f9a8cd7", "content_type": 11, "object_id": "1c3d3c04-6295-49fd-82c6-ad4dc2f5a48c", "object_repr": "தவறுகள்", "action_flag": 1, "change_message": "[{\"added\": {}}]"}}, {"model": "admin.logentry", "pk": 47, "fields": {"action_time": "2026-03-15T10:31:53.748Z", "user": "f64e220a-af25-4695-a728-32d75f9a8cd7", "content_type": 14, "object_id": "02399889-ace2-47fc-aec7-8e9357244492", "object_repr": "ஆ. கோகிலப்பிரியா", "action_flag": 1, "change_message": "[{\"added\": {}}]"}}, {"model": "admin.logentry", "pk": 48, "fields": {"action_time": "2026-03-15T10:34:51.211Z", "user": "f64e220a-af25-4695-a728-32d75f9a8cd7", "content_type": 11, "object_id": "58afd7a5-9be4-47f1-aff2-65d94b1a33c5", "object_repr": "குயிலின் குறிப்பு", "action_flag": 1, "change_message": "[{\"added\": {}}]"}}, {"model": "admin.logentry", "pk": 49, "fields": {"action_time": "2026-03-15T10:41:21.567Z", "user": "f64e220a-af25-4695-a728-32d75f9a8cd7", "content_type": 14, "object_id": "e87984dc-41f6-4ff3-8313-f0a54f031db1", "object_repr": "பா. மணிகண்டன்", "action_flag": 1, "change_message": "[{\"added\": {}}]"}}, {"model": "admin.logentry", "pk": 50, "fields": {"action_time": "2026-03-15T10:44:41.723Z", "user": "f64e220a-af25-4695-a728-32d75f9a8cd7", "content_type": 11, "object_id": "c83c1ce2-6c9d-4919-a627-4ccfe249b0e0", "object_repr": "மழலை முதல் காளை", "action_flag": 1, "change_message": "[{\"added\": {}}]"}}, {"model": "admin.logentry", "pk": 51, "fields": {"action_time": "2026-03-15T10:47:13.351Z", "user": "f64e220a-af25-4695-a728-32d75f9a8cd7", "content_type": 14, "object_id": "e049f189-f062-4a9e-a411-ea54899b48e3", "object_repr": "ஆ. தரணிஷ்", "action_flag": 1, "change_message": "[{\"added\": {}}]"}}, {"model": "admin.logentry", "pk": 52, "fields": {"action_time": "2026-03-15T10:48:21.749Z", "user": "f64e220a-af25-4695-a728-32d75f9a8cd7", "content_type": 14, "object_id": "e049f189-f062-4a9e-a411-ea54899b48e3", "object_repr": "ஆ. தரணிஷ்", "action_flag": 2, "change_message": "[{\"changed\": {\"fields\": [\"Biography\"]}}]"}}, {"model": "admin.logentry", "pk": 53, "fields": {"action_time": "2026-03-15T10:52:03.947Z", "user": "f64e220a-af25-4695-a728-32d75f9a8cd7", "content_type": 11, "object_id": "c0dc16e7-3ce5-4327-bf9d-6082e94469b5", "object_repr": "அவள் எழுதி விட்டுச்  சென்ற பக்கம்", "action_flag": 1, "change_message": "[{\"added\": {}}]"}}, {"model": "admin.logentry", "pk": 54, "fields": {"action_time": "2026-03-16T05:13:19.326Z", "user": "f64e220a-af25-4695-a728-32d75f9a8cd7", "content_type": 14, "object_id": "02399889-ace2-47fc-aec7-8e9357244492", "object_repr": "ஆ. கோகிலப்பிரியா", "action_flag": 2, "change_message": "[{\"changed\": {\"fields\": [\"Photo\"]}}]"}}, {"model": "admin.logentry", "pk": 55, "fields": {"action_time": "2026-03-16T05:14:57.047Z", "user": "f64e220a-af25-4695-a728-32d75f9a8cd7", "content_type": 14, "object_id": "e049f189-f062-4a9e-a411-ea54899b48e3", "object_repr": "ஆ. தரணிஷ்", "action_flag": 2, "change_message": "[{\"changed\": {\"fields\": [\"Photo\"]}}]"}}, {"model": "admin.logentry", "pk": 56, "fields": {"action_time": "2026-03-16T05:15:10.259Z", "user": "f64e220a-af25-4695-a728-32d75f9a8cd7", "content_type": 14, "object_id": "e87984dc-41f6-4ff3-8313-f0a54f031db1", "object_repr": "பா. மணிகண்டன்", "action_flag": 2, "change_message": "[{\"changed\": {\"fields\": [\"Photo\"]}}]"}}, {"model": "admin.logentry", "pk": 57, "fields": {"action_time": "2026-03-16T05:15:23.564Z", "user": "f64e220a-af25-4695-a728-32d75f9a8cd7", "content_type": 14, "object_id": "491eabf3-e848-4233-a18b-97888b487672", "object_repr": "வே.விசாக்", "action_flag": 2, "change_message": "[{\"changed\": {\"fields\": [\"Photo\"]}}]"}}, {"model": "admin.logentry", "pk": 58, "fields": {"action_time": "2026-03-16T05:15:36.918Z", "user": "f64e220a-af25-4695-a728-32d75f9a8cd7", "content_type": 14, "object_id": "adfe7c91-da02-4d34-a181-94c3781489bb", "object_repr": "ஹேமலதா கோ", "action_flag": 2, "change_message": "[{\"changed\": {\"fields\": [\"Photo\"]}}]"}}, {"model": "admin.logentry", "pk": 59, "fields": {"action_time": "2026-03-16T05:24:14.980Z", "user": "f64e220a-af25-4695-a728-32d75f9a8cd7", "content_type": 14, "object_id": "9e89c508-37b0-4ae7-83e3-643ac6f611e8", "object_repr": "ஷாலினி கலியபெருமாள்", "action_flag": 1, "change_message": "[{\"added\": {}}]"}}, {"model": "admin.logentry", "pk": 60, "fields": {"action_time": "2026-03-16T05:26:34.980Z", "user": "f64e220a-af25-4695-a728-32d75f9a8cd7", "content_type": 14, "object_id": "9e89c508-37b0-4ae7-83e3-643ac6f611e8", "object_repr": "ஷாலினி கலியபெருமாள்", "action_flag": 2, "change_message": "[{\"changed\": {\"fields\": [\"Photo\"]}}]"}}, {"model": "admin.logentry", "pk": 61, "fields": {"action_time": "2026-03-16T05:29:39.043Z", "user": "f64e220a-af25-4695-a728-32d75f9a8cd7", "content_type": 11, "object_id": "8ed7656a-117f-4b33-ae9b-e9c3572a99d7", "object_repr": "நீ சென்ற பின்னும் நின்று கொண்டிருக்கும் என் காதல்", "action_flag": 1, "change_message": "[{\"added\": {}}]"}}, {"model": "admin.logentry", "pk": 62, "fields": {"action_time": "2026-03-16T05:34:40.652Z", "user": "f64e220a-af25-4695-a728-32d75f9a8cd7", "content_type": 14, "object_id": "ae380eef-23a9-478c-a3f1-f0758964df3c", "object_repr": "வே. லிபிகா", "action_flag": 1, "change_message": "[{\"added\": {}}]"}}, {"model": "admin.logentry", "pk": 63, "fields": {"action_time": "2026-03-16T05:36:53.853Z", "user": "f64e220a-af25-4695-a728-32d75f9a8cd7", "content_type": 11, "object_id": "f0b53b3b-172e-4b87-92e8-c3fd8c6adcf3", "object_repr": "இருவிழி நினைவுகள்", "action_flag": 1, "change_message": "[{\"added\": {}}]"}}, {"model": "admin.logentry", "pk": 64, "fields": {"action_time": "2026-03-16T05:40:55.222Z", "user": "f64e220a-af25-4695-a728-32d75f9a8cd7", "content_type": 14, "object_id": "3d3558d6-6ca0-4e4b-b644-1dac36a695f8", "object_repr": "வீர. மணியரசு", "action_flag": 1, "change_message": "[{\"added\": {}}]"}}, {"model": "admin.logentry", "pk": 65, "fields": {"action_time": "2026-03-16T05:42:03.729Z", "user": "f64e220a-af25-4695-a728-32d75f9a8cd7", "content_type": 10, "object_id": "65960322-700e-46dd-a540-a4903d393432", "object_repr": "சிறுகதை", "action_flag": 1, "change_message": "[{\"added\": {}}]"}}, {"model": "admin.logentry", "pk": 66, "fields": {"action_time": "2026-03-16T05:46:19.862Z", "user": "f64e220a-af25-4695-a728-32d75f9a8cd7", "content_type": 11, "object_id": "54d90af9-c618-4dff-a35c-efb5df1d9c80", "object_repr": "இகல்", "action_flag": 1, "change_message": "[{\"added\": {}}]"}}, {"model": "admin.logentry", "pk": 67, "fields": {"action_time": "2026-03-16T05:49:40.874Z", "user": "f64e220a-af25-4695-a728-32d75f9a8cd7", "content_type": 14, "object_id": "515aa1bd-e0d5-4097-9c7d-1944ce621c30", "object_repr": "பாரதி பிரவீன்", "action_flag": 1, "change_message": "[{\"added\": {}}]"}}, {"model": "admin.logentry", "pk": 68, "fields": {"action_time": "2026-03-16T05:56:58.336Z", "user": "f64e220a-af25-4695-a728-32d75f9a8cd7", "content_type": 11, "object_id": "dfc1b6af-ebf3-413c-a31d-60b005f24e3e", "object_repr": "பிரவீன் பார்வையில் பிரபஞ்சம்", "action_flag": 1, "change_message": "[{\"added\": {}}]"}}, {"model": "admin.logentry", "pk": 69, "fields": {"action_time": "2026-03-16T07:02:01.676Z", "user": "f64e220a-af25-4695-a728-32d75f9a8cd7", "content_type": 15, "object_id": "465002d2-9318-4220-a9ab-209907511e34", "object_repr": "Karthik - 5⭐", "action_flag": 2, "change_message": "[{\"changed\": {\"fields\": [\"Status\"]}}]"}}, {"model": "admin.logentry", "pk": 70, "fields": {"action_time": "2026-03-16T15:22:12.869Z", "user": "f64e220a-af25-4695-a728-32d75f9a8cd7", "content_type": 10, "object_id": "96c7e0f1-d973-4da5-9c3b-96024b91f0a3", "object_repr": "Poetry", "action_flag": 3, "change_message": ""}}, {"model": "admin.logentry", "pk": 71, "fields": {"action_time": "2026-03-16T15:24:05.687Z", "user": "f64e220a-af25-4695-a728-32d75f9a8cd7", "content_type": 10, "object_id": "bb56f990-39f1-45b8-a574-1ba9f63fc8f6", "object_repr": "கவிதை", "action_flag": 2, "change_message": "[]"}}, {"model": "admin.logentry", "pk": 72, "fields": {"action_time": "2026-03-19T07:20:57.953Z", "user": "f64e220a-af25-4695-a728-32d75f9a8cd7", "content_type": 11, "object_id": "54d90af9-c618-4dff-a35c-efb5df1d9c80", "object_repr": "இகல்", "action_flag": 3, "change_message": ""}}, {"model": "admin.logentry", "pk": 73, "fields": {"action_time": "2026-03-21T08:50:54.105Z", "user": "f64e220a-af25-4695-a728-32d75f9a8cd7", "content_type": 11, "object_id": "7b660272-ed6d-402e-b5a4-9eff896dc1c5", "object_repr": "அவள்", "action_flag": 1, "change_message": "[{\"added\": {}}]"}}, {"model": "admin.logentry", "pk": 74, "fields": {"action_time": "2026-03-21T09:17:12.959Z", "user": "f64e220a-af25-4695-a728-32d75f9a8cd7", "content_type": 11, "object_id": "7b660272-ed6d-402e-b5a4-9eff896dc1c5", "object_repr": "அவள்", "action_flag": 3, "change_message": ""}}, {"model": "admin.logentry", "pk": 75, "fields": {"action_time": "2026-03-31T05:10:56.060Z", "user": "f64e220a-af25-4695-a728-32d75f9a8cd7", "content_type": 12, "object_id": "428149b7-8d45-4445-902f-b7f05836df9d", "object_repr": "VIDHYA Sekar - IGAL", "action_flag": 3, "change_message": ""}}, {"model": "admin.logentry", "pk": 76, "fields": {"action_time": "2026-03-31T06:51:26.970Z", "user": "f64e220a-af25-4695-a728-32d75f9a8cd7", "content_type": 11, "object_id": "dfc1b6af-ebf3-413c-a31d-60b005f24e3e", "object_repr": "பிரவீன் பார்வையில் பிரபஞ்சம்", "action_flag": 2, "change_message": "[{\"changed\": {\"fields\": [\"Cover image\", \"Pdf file\"]}}]"}}, {"model": "admin.logentry", "pk": 77, "fields": {"action_time": "2026-03-31T06:53:43.729Z", "user": "f64e220a-af25-4695-a728-32d75f9a8cd7", "content_type": 11, "object_id": "f0b53b3b-172e-4b87-92e8-c3fd8c6adcf3", "object_repr": "இருவிழி நினைவுகள்", "action_flag": 2, "change_message": "[{\"changed\": {\"fields\": [\"Pdf file\"]}}]"}}, {"model": "admin.logentry", "pk": 78, "fields": {"action_time": "2026-03-31T07:38:18.287Z", "user": "f64e220a-af25-4695-a728-32d75f9a8cd7", "content_type": 8, "object_id": "f64e220a-af25-4695-a728-32d75f9a8cd7", "object_repr": "kavithedaldpi@gmail.com", "action_flag": 2, "change_message": "[]"}}, {"model": "admin.logentry", "pk": 79, "fields": {"action_time": "2026-03-31T07:38:33.998Z", "user": "f64e220a-af25-4695-a728-32d75f9a8cd7", "content_type": 8, "object_id": "7e00cd9b-64c8-404d-85e1-88990607703f", "object_repr": "sankarvengadesan1909@gmail.com", "action_flag": 3, "change_message": ""}}, {"model": "admin.logentry", "pk": 80, "fields": {"action_time": "2026-03-31T07:38:56.314Z", "user": "f64e220a-af25-4695-a728-32d75f9a8cd7", "content_type": 8, "object_id": "4d8aff27-eff5-4ae9-bfe9-394abff83402", "object_repr": "karthick126sk@gmail.com", "action_flag": 3, "change_message": ""}}, {"model": "admin.logentry", "pk": 81, "fields": {"action_time": "2026-03-31T16:17:24.824Z", "user": "f64e220a-af25-4695-a728-32d75f9a8cd7", "content_type": 14, "object_id": "3783b432-f904-42de-9ef7-0bfed5b722e8", "object_repr": "barathi", "action_flag": 1, "change_message": "[{\"added\": {}}]"}}, {"model": "admin.logentry", "pk": 82, "fields": {"action_time": "2026-03-31T16:17:59.498Z", "user": "f64e220a-af25-4695-a728-32d75f9a8cd7", "content_type": 11, "object_id": "987ba146-d780-4fd0-abb8-f847ee1be313", "object_repr": "kavithedal", "action_flag": 1, "change_message": "[{\"added\": {}}]"}}, {"model": "sessions.session", "pk": "0w9qkjrs5crx6rn08e15s9huyqj446h4", "fields": {"session_data": ".eJxVzLsOwjAMheF3yUyj4DSJw8jOM1R27NACaqVeJsS7o0odYD7_d96mo23tu23RuRvEXEyNrQI4aqhCaNqYQ0MJsPEgKdRMWCSZ0y9jKk8ddysPGu-TLdO4zgPbPbHHutjbJPq6Hu3fQU9Lv2vmIqgVMKeQOTJJ9AJO2-RScL5KYlZFTQCVfYFSkbCFKlHwjM58vghoQfA:1w29kY:xpyK6ae9APHKMjnR1axgmnw1uH45T5wNUAi_GQrAtSk", "expire_date": "2026-03-30T15:20:58.339Z"}}, {"model": "sessions.session", "pk": "26yr6ufsplf30efdb7nm1czspsr38f7r", "fields": {"session_data": ".eJxVzLsOwjAMheF3yUyj4DSJw8jOM1R27NACaqVeJsS7o0odYD7_d96mo23tu23RuRvEXEyNrQI4aqhCaNqYQ0MJsPEgKdRMWCSZ0y9jKk8ddysPGu-TLdO4zgPbPbHHutjbJPq6Hu3fQU9Lv2vmIqgVMKeQOTJJ9AJO2-RScL5KYlZFTQCVfYFSkbCFKlHwjM58vghoQfA:1w1ajb:b_VBgwHLSJao4DfyjAmL_wmfXvdcm19V1i37caFTX-8", "expire_date": "2026-03-29T01:57:39.912Z"}}, {"model": "sessions.session", "pk": "92copa0x1uckhc1qp1ac1wk32w1dbt3u", "fields": {"session_data": ".eJxVzLsOwjAMheF3yUyj4DSJw8jOM1R27NACaqVeJsS7o0odYD7_d96mo23tu23RuRvEXEyNrQI4aqhCaNqYQ0MJsPEgKdRMWCSZ0y9jKk8ddysPGu-TLdO4zgPbPbHHutjbJPq6Hu3fQU9Lv2vmIqgVMKeQOTJJ9AJO2-RScL5KYlZFTQCVfYFSkbCFKlHwjM58vghoQfA:1w37gB:7fedf680z4LzgWt-jhJZX1CpvYULSQVhd8J4OrzWVPo", "expire_date": "2026-04-02T07:20:27.335Z"}}, {"model": "sessions.session", "pk": "9ody5bztt9hjxt75f949vrrw89wr3q46", "fields": {"session_data": ".eJxVzLsOwjAMheF3yUyj4DSJw8jOM1R27NACaqVeJsS7o0odYD7_d96mo23tu23RuRvEXEyNrQI4aqhCaNqYQ0MJsPEgKdRMWCSZ0y9jKk8ddysPGu-TLdO4zgPbPbHHutjbJPq6Hu3fQU9Lv2vmIqgVMKeQOTJJ9AJO2-RScL5KYlZFTQCVfYFSkbCFKlHwjM58vghoQfA:1w136i:_HuqJMUyIazVVDOVNw6f-wG9bA-pJSmJfRDs76fmt84", "expire_date": "2026-03-27T14:03:16.197Z"}}, {"model": "sessions.session", "pk": "hdpl5ir7fnpf21xk44irtmvisma87pvq", "fields": {"session_data": ".eJxVzLsOwjAMheF3yUyj4DSJw8jOM1R27NACaqVeJsS7o0odYD7_d96mo23tu23RuRvEXEyNrQI4aqhCaNqYQ0MJsPEgKdRMWCSZ0y9jKk8ddysPGu-TLdO4zgPbPbHHutjbJPq6Hu3fQU9Lv2vmIqgVMKeQOTJJ9AJO2-RScL5KYlZFTQCVfYFSkbCFKlHwjM58vghoQfA:1w7bln:J7wO-EyMeZ3TMkkf3wqvFtv36Onhg9P_Gb4QwQAej34", "expire_date": "2026-04-14T16:16:47.248Z"}}, {"model": "sessions.session", "pk": "icezy9o3cf8sn0rz133tfjas56oy3xoh", "fields": {"session_data": ".eJxVzLsOwjAMheF3yUyj4DSJw8jOM1R27NACaqVeJsS7o0odYD7_d96mo23tu23RuRvEXEyNrQI4aqhCaNqYQ0MJsPEgKdRMWCSZ0y9jKk8ddysPGu-TLdO4zgPbPbHHutjbJPq6Hu3fQU9Lv2vmIqgVMKeQOTJJ9AJO2-RScL5KYlZFTQCVfYFSkbCFKlHwjM58vghoQfA:1w3pWx:BE1GYiUzoD0CtKQWjS6RMDljqNe3LCmwxGRBI6JGIlU", "expire_date": "2026-04-04T06:09:51.179Z"}}, {"model": "sessions.session", "pk": "j5vi9acpy9dxmclw9uvvvd8tedjlrj3s", "fields": {"session_data": ".eJxVzLsOwjAMheF3yUyj4DSJw8jOM1R27NACaqVeJsS7o0odYD7_d96mo23tu23RuRvEXEyNrQI4aqhCaNqYQ0MJsPEgKdRMWCSZ0y9jKk8ddysPGu-TLdO4zgPbPbHHutjbJPq6Hu3fQU9Lv2vmIqgVMKeQOTJJ9AJO2-RScL5KYlZFTQCVfYFSkbCFKlHwjM58vghoQfA:1w7RMo:IAP5rplTvstRN5SPghCR8IEI8fgHxqAnseL3M1IncLY", "expire_date": "2026-04-14T05:10:18.564Z"}}, {"model": "sessions.session", "pk": "mxsl9wxqxfowl7cbkpavpb79wjau81y3", "fields": {"session_data": ".eJxVzLsOwjAMheF3yUyj4DSJw8jOM1R27NACaqVeJsS7o0odYD7_d96mo23tu23RuRvEXEyNrQI4aqhCaNqYQ0MJsPEgKdRMWCSZ0y9jKk8ddysPGu-TLdO4zgPbPbHHutjbJPq6Hu3fQU9Lv2vmIqgVMKeQOTJJ9AJO2-RScL5KYlZFTQCVfYFSkbCFKlHwjM58vghoQfA:1w1GqL:HDNsJxqpt3NxRl3vHDkjJ0tEqax0DcQBGecxaIkejiA", "expire_date": "2026-03-28T04:43:17.169Z"}}, {"model": "sessions.session", "pk": "nuy34wc8ivq12idf5oc5xpiqfqyidoa1", "fields": {"session_data": ".eJxVzLsOwjAMheF3yUyj4DSJw8jOM1R27NACaqVeJsS7o0odYD7_d96mo23tu23RuRvEXEyNrQI4aqhCaNqYQ0MJsPEgKdRMWCSZ0y9jKk8ddysPGu-TLdO4zgPbPbHHutjbJPq6Hu3fQU9Lv2vmIqgVMKeQOTJJ9AJO2-RScL5KYlZFTQCVfYFSkbCFKlHwjM58vghoQfA:1w1Pty:EVxHW9w0o4u0bh9AY0dvAWfl2mMXrztyTBllbUJ5rbw", "expire_date": "2026-03-28T14:23:38.706Z"}}, {"model": "sessions.session", "pk": "reqgqhpm8d7y136tkjtygvgweii4wos8", "fields": {"session_data": ".eJxVzLsOwjAMheF3yUyj4DSJw8jOM1R27NACaqVeJsS7o0odYD7_d96mo23tu23RuRvEXEyNrQI4aqhCaNqYQ0MJsPEgKdRMWCSZ0y9jKk8ddysPGu-TLdO4zgPbPbHHutjbJPq6Hu3fQU9Lv2vmIqgVMKeQOTJJ9AJO2-RScL5KYlZFTQCVfYFSkbCFKlHwjM58vghoQfA:1w20FS:yAmha_H-KtuA9HtxyQLzlvgUDJmdLZfOrsK2cp6g1-4", "expire_date": "2026-03-30T05:12:14.364Z"}}, {"model": "sessions.session", "pk": "vsmpedyxz633yq4k8cqor3e4qrz8o46q", "fields": {"session_data": ".eJxVzLsOwjAMheF3yUyj4DSJw8jOM1R27NACaqVeJsS7o0odYD7_d96mo23tu23RuRvEXEyNrQI4aqhCaNqYQ0MJsPEgKdRMWCSZ0y9jKk8ddysPGu-TLdO4zgPbPbHHutjbJPq6Hu3fQU9Lv2vmIqgVMKeQOTJJ9AJO2-RScL5KYlZFTQCVfYFSkbCFKlHwjM58vghoQfA:1w2NJf:avY8p2-FwZUcp25aGhvf_ePAQ7300U6vz4FbE_vbcB8", "expire_date": "2026-03-31T05:50:07.708Z"}}, {"model": "token_blacklist.outstandingtoken", "pk": 1, "fields": {"user": "b00a9878-613c-4c0f-9c07-6a7e01932694", "jti": "2623fe56e2184e4c8f7a9ec85afb3505", "token": "eyJhbGciOiJIUzI1NiIsInR5cCI6IkpXVCJ9.eyJ0b2tlbl90eXBlIjoicmVmcmVzaCIsImV4cCI6MTc3NDAyMTY1MywiaWF0IjoxNzczNDE2ODUzLCJqdGkiOiIyNjIzZmU1NmUyMTg0ZTRjOGY3YTllYzg1YWZiMzUwNSIsInVzZXJfaWQiOiJiMDBhOTg3OC02MTNjLTRjMGYtOWMwNy02YTdlMDE5MzI2OTQifQ.4B2kg9INDUB6Ch34NYi-BnPr7jCDtc-l8PXGe9ZaeLY", "created_at": "2026-03-13T15:47:33.785Z", "expires_at": "2026-03-20T15:47:33Z"}}, {"model": "token_blacklist.outstandingtoken", "pk": 2, "fields": {"user": "b00a9878-613c-4c0f-9c07-6a7e01932694", "jti": "223adb294acf418485298e50ce8dc461", "token": "eyJhbGciOiJIUzI1NiIsInR5cCI6IkpXVCJ9.eyJ0b2tlbl90eXBlIjoicmVmcmVzaCIsImV4cCI6MTc3NDAyMTY2MSwiaWF0IjoxNzczNDE2ODYxLCJqdGkiOiIyMjNhZGIyOTRhY2Y0MTg0ODUyOThlNTBjZThkYzQ2MSIsInVzZXJfaWQiOiJiMDBhOTg3OC02MTNjLTRjMGYtOWMwNy02YTdlMDE5MzI2OTQifQ.LpIBcW4kxzaInbjF3AbU7HcrxdxYB1gNT_3p3GwWctM", "created_at": "2026-03-13T15:47:41.049Z", "expires_at": "2026-03-20T15:47:41Z"}}, {"model": "token_blacklist.outstandingtoken", "pk": 3, "fields": {"user": "b00a9878-613c-4c0f-9c07-6a7e01932694", "jti": "f0d862d120d146139fa9cd067629f169", "token": "eyJhbGciOiJIUzI1NiIsInR5cCI6IkpXVCJ9.eyJ0b2tlbl90eXBlIjoicmVmcmVzaCIsImV4cCI6MTc3NDAyMTY2NywiaWF0IjoxNzczNDE2ODY3LCJqdGkiOiJmMGQ4NjJkMTIwZDE0NjEzOWZhOWNkMDY3NjI5ZjE2OSIsInVzZXJfaWQiOiJiMDBhOTg3OC02MTNjLTRjMGYtOWMwNy02YTdlMDE5MzI2OTQifQ.VbNmHQW4_sZ7H-Pkd4ZLc4GjZbDdS0U0dWPdzzJaIPI", "created_at": "2026-03-13T15:47:47.153Z", "expires_at": "2026-03-20T15:47:47Z"}}, {"model": "token_blacklist.outstandingtoken", "pk": 4, "fields": {"user": "b00a9878-613c-4c0f-9c07-6a7e01932694", "jti": "3a6a3042039d496da31347a70a4559f9", "token": "eyJhbGciOiJIUzI1NiIsInR5cCI6IkpXVCJ9.eyJ0b2tlbl90eXBlIjoicmVmcmVzaCIsImV4cCI6MTc3NDAyMTY3NSwiaWF0IjoxNzczNDE2ODc1LCJqdGkiOiIzYTZhMzA0MjAzOWQ0OTZkYTMxMzQ3YTcwYTQ1NTlmOSIsInVzZXJfaWQiOiJiMDBhOTg3OC02MTNjLTRjMGYtOWMwNy02YTdlMDE5MzI2OTQifQ.QqxmnTYT1LOO_UhEtxKlH3YHaRQfRGQre5teVniEG00", "created_at": "2026-03-13T15:47:55.161Z", "expires_at": "2026-03-20T15:47:55Z"}}, {"model": "token_blacklist.outstandingtoken", "pk": 5, "fields": {"user": "b00a9878-613c-4c0f-9c07-6a7e01932694", "jti": "6ff69cf0767b42598a5fb8f71253a63e", "token": "eyJhbGciOiJIUzI1NiIsInR5cCI6IkpXVCJ9.eyJ0b2tlbl90eXBlIjoicmVmcmVzaCIsImV4cCI6MTc3NDEwMzg3MSwiaWF0IjoxNzczNDk5MDcxLCJqdGkiOiI2ZmY2OWNmMDc2N2I0MjU5OGE1ZmI4ZjcxMjUzYTYzZSIsInVzZXJfaWQiOiJiMDBhOTg3OC02MTNjLTRjMGYtOWMwNy02YTdlMDE5MzI2OTQifQ.3P16RIa7i1r3cRsl3cKfodqj2KOzBOlSi_tPKF22FcU", "created_at": "2026-03-14T14:37:51.698Z", "expires_at": "2026-03-21T14:37:51Z"}}, {"model": "token_blacklist.outstandingtoken", "pk": 6, "fields": {"user": "b00a9878-613c-4c0f-9c07-6a7e01932694", "jti": "f755c2b6395143449e258ace77d87093", "token": "eyJhbGciOiJIUzI1NiIsInR5cCI6IkpXVCJ9.eyJ0b2tlbl90eXBlIjoicmVmcmVzaCIsImV4cCI6MTc3NDEwODI5NywiaWF0IjoxNzczNTAzNDk3LCJqdGkiOiJmNzU1YzJiNjM5NTE0MzQ0OWUyNThhY2U3N2Q4NzA5MyIsInVzZXJfaWQiOiJiMDBhOTg3OC02MTNjLTRjMGYtOWMwNy02YTdlMDE5MzI2OTQiLCJyb2xlIjoidXNlciIsImlzX3N0YWZmIjpmYWxzZSwiZW1haWwiOiJuaXRoeWF2aWRoeWE0MTRAZ21haWwuY29tIn0.uT6SD_JpcRJ4FIJwOoEE3b9m9D3-rdm_0mCC4ly9HbI", "created_at": "2026-03-14T15:51:37.608Z", "expires_at": "2026-03-21T15:51:37Z"}}, {"model": "token_blacklist.outstandingtoken", "pk": 7, "fields": {"user": "b00a9878-613c-4c0f-9c07-6a7e01932694", "jti": "b5848a1a01f4464c8059393509642845", "token": "eyJhbGciOiJIUzI1NiIsInR5cCI6IkpXVCJ9.eyJ0b2tlbl90eXBlIjoicmVmcmVzaCIsImV4cCI6MTc3NDE1MzU2OSwiaWF0IjoxNzczNTQ4NzY5LCJqdGkiOiJiNTg0OGExYTAxZjQ0NjRjODA1OTM5MzUwOTY0Mjg0NSIsInVzZXJfaWQiOiJiMDBhOTg3OC02MTNjLTRjMGYtOWMwNy02YTdlMDE5MzI2OTQifQ.1KHl4oy6w6c1b1M2ndixoYAjaAJlndJ0cmoWAWKcgL4", "created_at": "2026-03-15T04:26:09.497Z", "expires_at": "2026-03-22T04:26:09Z"}}, {"model": "token_blacklist.outstandingtoken", "pk": 8, "fields": {"user": "b00a9878-613c-4c0f-9c07-6a7e01932694", "jti": "3f0df0c38b0748bc83832a5374493551", "token": "eyJhbGciOiJIUzI1NiIsInR5cCI6IkpXVCJ9.eyJ0b2tlbl90eXBlIjoicmVmcmVzaCIsImV4cCI6MTc3NDE1NjQwOCwiaWF0IjoxNzczNTUxNjA4LCJqdGkiOiIzZjBkZjBjMzhiMDc0OGJjODM4MzJhNTM3NDQ5MzU1MSIsInVzZXJfaWQiOiJiMDBhOTg3OC02MTNjLTRjMGYtOWMwNy02YTdlMDE5MzI2OTQifQ.ihViQCiLaFeQzcrmu9S2D8dJev0Qr-03GT-m28-OqKs", "created_at": "2026-03-15T05:13:28.331Z", "expires_at": "2026-03-22T05:13:28Z"}}, {"model": "token_blacklist.outstandingtoken", "pk": 9, "fields": {"user": "b00a9878-613c-4c0f-9c07-6a7e01932694", "jti": "501d01d3bb534d8fb617b3621cff6f15", "token": "eyJhbGciOiJIUzI1NiIsInR5cCI6IkpXVCJ9.eyJ0b2tlbl90eXBlIjoicmVmcmVzaCIsImV4cCI6MTc3NDE2NTU4NywiaWF0IjoxNzczNTYwNzg3LCJqdGkiOiI1MDFkMDFkM2JiNTM0ZDhmYjYxN2IzNjIxY2ZmNmYxNSIsInVzZXJfaWQiOiJiMDBhOTg3OC02MTNjLTRjMGYtOWMwNy02YTdlMDE5MzI2OTQiLCJyb2xlIjoidXNlciIsImlzX3N0YWZmIjpmYWxzZSwiZW1haWwiOiJuaXRoeWF2aWRoeWE0MTRAZ21haWwuY29tIn0.YC1dY-CNFvd8ZfeKzJ7yX9klKcXcFqV0h0NOd_BK8Z4", "created_at": "2026-03-15T07:46:27.061Z", "expires_at": "2026-03-22T07:46:27Z"}}, {"model": "token_blacklist.outstandingtoken", "pk": 10, "fields": {"user": "21c1fec8-0ec7-4d1a-9e4f-d915252c2e02", "jti": "9da24e941f59410297d46321274526ed", "token": "eyJhbGciOiJIUzI1NiIsInR5cCI6IkpXVCJ9.eyJ0b2tlbl90eXBlIjoicmVmcmVzaCIsImV4cCI6MTc3NDE3ODgwNCwiaWF0IjoxNzczNTc0MDA0LCJqdGkiOiI5ZGEyNGU5NDFmNTk0MTAyOTdkNDYzMjEyNzQ1MjZlZCIsInVzZXJfaWQiOiIyMWMxZmVjOC0wZWM3LTRkMWEtOWU0Zi1kOTE1MjUyYzJlMDIifQ.Tl_3BM19xIzGDaKjvuBiNa9vVjjjcWRWrZc0IuBdjW0", "created_at": "2026-03-15T11:26:44.301Z", "expires_at": "2026-03-22T11:26:44Z"}}, {"model": "token_blacklist.outstandingtoken", "pk": 11, "fields": {"user": null, "jti": "f38cd17a928947deaa8d77d213b2e3ce", "token": "eyJhbGciOiJIUzI1NiIsInR5cCI6IkpXVCJ9.eyJ0b2tlbl90eXBlIjoicmVmcmVzaCIsImV4cCI6MTc3NDIzOTg3MywiaWF0IjoxNzczNjM1MDczLCJqdGkiOiJmMzhjZDE3YTkyODk0N2RlYWE4ZDc3ZDIxM2IyZTNjZSIsInVzZXJfaWQiOiI0ZDhhZmYyNy1lZmY1LTRhZTktYmZlOS0zOTRhYmZmODM0MDIifQ.HBEOoVgd__WggTdcMegFZHinLwOvmG0kJaPVo-Un1ko", "created_at": "2026-03-16T04:24:33.590Z", "expires_at": "2026-03-23T04:24:33Z"}}, {"model": "token_blacklist.outstandingtoken", "pk": 12, "fields": {"user": "b00a9878-613c-4c0f-9c07-6a7e01932694", "jti": "5c09c690e2a64fce8fac5a3126d9d121", "token": "eyJhbGciOiJIUzI1NiIsInR5cCI6IkpXVCJ9.eyJ0b2tlbl90eXBlIjoicmVmcmVzaCIsImV4cCI6MTc3NDI0NTYwNCwiaWF0IjoxNzczNjQwODA0LCJqdGkiOiI1YzA5YzY5MGUyYTY0ZmNlOGZhYzVhMzEyNmQ5ZDEyMSIsInVzZXJfaWQiOiJiMDBhOTg3OC02MTNjLTRjMGYtOWMwNy02YTdlMDE5MzI2OTQifQ.RvFUD9AWwf_gJpJuqLzy1JTWl4Yy19y06jiBo98TG8s", "created_at": "2026-03-16T06:00:04.837Z", "expires_at": "2026-03-23T06:00:04Z"}}, {"model": "token_blacklist.outstandingtoken", "pk": 13, "fields": {"user": "b00a9878-613c-4c0f-9c07-6a7e01932694", "jti": "1514c4a04a464223af750529379738a9", "token": "eyJhbGciOiJIUzI1NiIsInR5cCI6IkpXVCJ9.eyJ0b2tlbl90eXBlIjoicmVmcmVzaCIsImV4cCI6MTc3NDI0NjM4NiwiaWF0IjoxNzczNjQxNTg2LCJqdGkiOiIxNTE0YzRhMDRhNDY0MjIzYWY3NTA1MjkzNzk3MzhhOSIsInVzZXJfaWQiOiJiMDBhOTg3OC02MTNjLTRjMGYtOWMwNy02YTdlMDE5MzI2OTQifQ.JfzXc2oc4V7yQAzTyWym9jawNiySXEE6055WxhYxeio", "created_at": "2026-03-16T06:13:06.922Z", "expires_at": "2026-03-23T06:13:06Z"}}, {"model": "token_blacklist.outstandingtoken", "pk": 14, "fields": {"user": "b00a9878-613c-4c0f-9c07-6a7e01932694", "jti": "036cb42d2ea443f1b56b2934eb7f9c9b", "token": "eyJhbGciOiJIUzI1NiIsInR5cCI6IkpXVCJ9.eyJ0b2tlbl90eXBlIjoicmVmcmVzaCIsImV4cCI6MTc3NDI3NjY3NywiaWF0IjoxNzczNjcxODc3LCJqdGkiOiIwMzZjYjQyZDJlYTQ0M2YxYjU2YjI5MzRlYjdmOWM5YiIsInVzZXJfaWQiOiJiMDBhOTg3OC02MTNjLTRjMGYtOWMwNy02YTdlMDE5MzI2OTQifQ.Es9SmIMwGtjVilOEGgsRWRi-vwanHtn4eL72L2oLOOE", "created_at": "2026-03-16T14:37:57.505Z", "expires_at": "2026-03-23T14:37:57Z"}}, {"model": "token_blacklist.outstandingtoken", "pk": 15, "fields": {"user": "b00a9878-613c-4c0f-9c07-6a7e01932694", "jti": "2ffd07b45560441c96b46df5d63c7b68", "token": "eyJhbGciOiJIUzI1NiIsInR5cCI6IkpXVCJ9.eyJ0b2tlbl90eXBlIjoicmVmcmVzaCIsImV4cCI6MTc3NDI4MDM1NiwiaWF0IjoxNzczNjc1NTU2LCJqdGkiOiIyZmZkMDdiNDU1NjA0NDFjOTZiNDZkZjVkNjNjN2I2OCIsInVzZXJfaWQiOiJiMDBhOTg3OC02MTNjLTRjMGYtOWMwNy02YTdlMDE5MzI2OTQiLCJyb2xlIjoidXNlciIsImlzX3N0YWZmIjpmYWxzZSwiZW1haWwiOiJuaXRoeWF2aWRoeWE0MTRAZ21haWwuY29tIn0.3j7pyya9Ffsygjp0coCpbQKVuktRtfrAceIqFs1gBnA", "created_at": "2026-03-16T15:39:16.383Z", "expires_at": "2026-03-23T15:39:16Z"}}, {"model": "token_blacklist.outstandingtoken", "pk": 16, "fields": {"user": "b00a9878-613c-4c0f-9c07-6a7e01932694", "jti": "33c74617514c4efd80f599d3b84f1041", "token": "eyJhbGciOiJIUzI1NiIsInR5cCI6IkpXVCJ9.eyJ0b2tlbl90eXBlIjoicmVmcmVzaCIsImV4cCI6MTc3NDMzMTY4NCwiaWF0IjoxNzczNzI2ODg0LCJqdGkiOiIzM2M3NDYxNzUxNGM0ZWZkODBmNTk5ZDNiODRmMTA0MSIsInVzZXJfaWQiOiJiMDBhOTg3OC02MTNjLTRjMGYtOWMwNy02YTdlMDE5MzI2OTQifQ.KLCMxa9T3x7B6g1jhRi_Ldf2R_r5q58130DR7a7stLs", "created_at": "2026-03-17T05:54:44.377Z", "expires_at": "2026-03-24T05:54:44Z"}}, {"model": "token_blacklist.outstandingtoken", "pk": 17, "fields": {"user": "b00a9878-613c-4c0f-9c07-6a7e01932694", "jti": "7a84412ae622475f89cdf1a1586aa724", "token": "eyJhbGciOiJIUzI1NiIsInR5cCI6IkpXVCJ9.eyJ0b2tlbl90eXBlIjoicmVmcmVzaCIsImV4cCI6MTc3NDMzNjM2OSwiaWF0IjoxNzczNzMxNTY5LCJqdGkiOiI3YTg0NDEyYWU2MjI0NzVmODljZGYxYTE1ODZhYTcyNCIsInVzZXJfaWQiOiJiMDBhOTg3OC02MTNjLTRjMGYtOWMwNy02YTdlMDE5MzI2OTQiLCJyb2xlIjoidXNlciIsImlzX3N0YWZmIjpmYWxzZSwiZW1haWwiOiJuaXRoeWF2aWRoeWE0MTRAZ21haWwuY29tIn0.kvh_Fn9ykFJKwEDgf2h64clpeBdWhVT9OgUJ_77-e_I", "created_at": "2026-03-17T07:12:49.048Z", "expires_at": "2026-03-24T07:12:49Z"}}, {"model": "token_blacklist.outstandingtoken", "pk": 18, "fields": {"user": "747a9011-510f-4dbe-a26b-2669058d6763", "jti": "3a94fac53a90440d9c2c0c21e7ff25fd", "token": "eyJhbGciOiJIUzI1NiIsInR5cCI6IkpXVCJ9.eyJ0b2tlbl90eXBlIjoicmVmcmVzaCIsImV4cCI6MTc3NDY3ODE2NywiaWF0IjoxNzc0MDczMzY3LCJqdGkiOiIzYTk0ZmFjNTNhOTA0NDBkOWMyYzBjMjFlN2ZmMjVmZCIsInVzZXJfaWQiOiI3NDdhOTAxMS01MTBmLTRkYmUtYTI2Yi0yNjY5MDU4ZDY3NjMifQ.ZPg3Pj0DOHuYFOMTRYfs9hmzBtJwAZ7nec08D5x_1F4", "created_at": "2026-03-21T06:09:27.870Z", "expires_at": "2026-03-28T06:09:27Z"}}, {"model": "token_blacklist.outstandingtoken", "pk": 19, "fields": {"user": "b00a9878-613c-4c0f-9c07-6a7e01932694", "jti": "ce111e863170485993a4c26a2bfc82a7", "token": "eyJhbGciOiJIUzI1NiIsInR5cCI6IkpXVCJ9.eyJ0b2tlbl90eXBlIjoicmVmcmVzaCIsImV4cCI6MTc3NDY4MzU0NSwiaWF0IjoxNzc0MDc4NzQ1LCJqdGkiOiJjZTExMWU4NjMxNzA0ODU5OTNhNGMyNmEyYmZjODJhNyIsInVzZXJfaWQiOiJiMDBhOTg3OC02MTNjLTRjMGYtOWMwNy02YTdlMDE5MzI2OTQifQ.9ERPKIB1_XBZm4n3zXAvFq0d3j_D8akz5OGbcFWmgR8", "created_at": "2026-03-21T07:39:05.836Z", "expires_at": "2026-03-28T07:39:05Z"}}, {"model": "token_blacklist.outstandingtoken", "pk": 20, "fields": {"user": "b00a9878-613c-4c0f-9c07-6a7e01932694", "jti": "aafe93abfda0488f87f56dd93f16df44", "token": "eyJhbGciOiJIUzI1NiIsInR5cCI6IkpXVCJ9.eyJ0b2tlbl90eXBlIjoicmVmcmVzaCIsImV4cCI6MTc3NDY4NDc0MCwiaWF0IjoxNzc0MDc5OTQwLCJqdGkiOiJhYWZlOTNhYmZkYTA0ODhmODdmNTZkZDkzZjE2ZGY0NCIsInVzZXJfaWQiOiJiMDBhOTg3OC02MTNjLTRjMGYtOWMwNy02YTdlMDE5MzI2OTQifQ.dFUXUABRi60hC7Cp3371kcgHpJfEPT4mfD3bdhNQ1Fw", "created_at": "2026-03-21T07:59:00.183Z", "expires_at": "2026-03-28T07:59:00Z"}}, {"model": "token_blacklist.outstandingtoken", "pk": 21, "fields": {"user": "b00a9878-613c-4c0f-9c07-6a7e01932694", "jti": "849bec3b4453467a8344fdfbbd32ba10", "token": "eyJhbGciOiJIUzI1NiIsInR5cCI6IkpXVCJ9.eyJ0b2tlbl90eXBlIjoicmVmcmVzaCIsImV4cCI6MTc3NDY4ODY5MCwiaWF0IjoxNzc0MDgzODkwLCJqdGkiOiI4NDliZWMzYjQ0NTM0NjdhODM0NGZkZmJiZDMyYmExMCIsInVzZXJfaWQiOiJiMDBhOTg3OC02MTNjLTRjMGYtOWMwNy02YTdlMDE5MzI2OTQiLCJyb2xlIjoidXNlciIsImlzX3N0YWZmIjpmYWxzZSwiZW1haWwiOiJuaXRoeWF2aWRoeWE0MTRAZ21haWwuY29tIn0.c_mqzvs34Ob4WHOz32shXQiy6LCfeQYRlRcQzoyfbsU", "created_at": "2026-03-21T09:04:50.009Z", "expires_at": "2026-03-28T09:04:50Z"}}, {"model": "token_blacklist.outstandingtoken", "pk": 22, "fields": {"user": "b00a9878-613c-4c0f-9c07-6a7e01932694", "jti": "793f094995d94af8b926de6a2ffff69c", "token": "eyJhbGciOiJIUzI1NiIsInR5cCI6IkpXVCJ9.eyJ0b2tlbl90eXBlIjoicmVmcmVzaCIsImV4cCI6MTc3NDY5NDI4NywiaWF0IjoxNzc0MDg5NDg3LCJqdGkiOiI3OTNmMDk0OTk1ZDk0YWY4YjkyNmRlNmEyZmZmZjY5YyIsInVzZXJfaWQiOiJiMDBhOTg3OC02MTNjLTRjMGYtOWMwNy02YTdlMDE5MzI2OTQifQ.C4ToMOSHFRx0x9MEOESsNWHyqWPFAsMsf2OvFNriMzI", "created_at": "2026-03-21T10:38:07.869Z", "expires_at": "2026-03-28T10:38:07Z"}}, {"model": "token_blacklist.outstandingtoken", "pk": 23, "fields": {"user": "b00a9878-613c-4c0f-9c07-6a7e01932694", "jti": "82f8406c56724ea39e1c21178612f582", "token": "eyJhbGciOiJIUzI1NiIsInR5cCI6IkpXVCJ9.eyJ0b2tlbl90eXBlIjoicmVmcmVzaCIsImV4cCI6MTc3NDkzNzU5MCwiaWF0IjoxNzc0MzMyNzkwLCJqdGkiOiI4MmY4NDA2YzU2NzI0ZWEzOWUxYzIxMTc4NjEyZjU4MiIsInVzZXJfaWQiOiJiMDBhOTg3OC02MTNjLTRjMGYtOWMwNy02YTdlMDE5MzI2OTQifQ.5b7NVLMt9wV9lepOGuwwm8y1XgD7-LCQUezwkhEwPj4", "created_at": "2026-03-24T06:13:10.738Z", "expires_at": "2026-03-31T06:13:10Z"}}, {"model": "token_blacklist.outstandingtoken", "pk": 24, "fields": {"user": "b00a9878-613c-4c0f-9c07-6a7e01932694", "jti": "4da81be3d57e4a47ac31b8bd27c17342", "token": "eyJhbGciOiJIUzI1NiIsInR5cCI6IkpXVCJ9.eyJ0b2tlbl90eXBlIjoicmVmcmVzaCIsImV4cCI6MTc3NDk0MTUxNCwiaWF0IjoxNzc0MzM2NzE0LCJqdGkiOiI0ZGE4MWJlM2Q1N2U0YTQ3YWMzMWI4YmQyN2MxNzM0MiIsInVzZXJfaWQiOiJiMDBhOTg3OC02MTNjLTRjMGYtOWMwNy02YTdlMDE5MzI2OTQiLCJyb2xlIjoidXNlciIsImlzX3N0YWZmIjpmYWxzZSwiZW1haWwiOiJuaXRoeWF2aWRoeWE0MTRAZ21haWwuY29tIn0.96Z-wnfwKLDUzHMC4FKvfTrNXmxZEiLKbihNzXOtPhM", "created_at": "2026-03-24T07:18:34.079Z", "expires_at": "2026-03-31T07:18:34Z"}}, {"model": "token_blacklist.outstandingtoken", "pk": 25, "fields": {"user": "b00a9878-613c-4c0f-9c07-6a7e01932694", "jti": "f7f920abf99f4dfca4424db20c2714e3", "token": "eyJhbGciOiJIUzI1NiIsInR5cCI6IkpXVCJ9.eyJ0b2tlbl90eXBlIjoicmVmcmVzaCIsImV4cCI6MTc3NDk0MTYzMiwiaWF0IjoxNzc0MzM2ODMyLCJqdGkiOiJmN2Y5MjBhYmY5OWY0ZGZjYTQ0MjRkYjIwYzI3MTRlMyIsInVzZXJfaWQiOiJiMDBhOTg3OC02MTNjLTRjMGYtOWMwNy02YTdlMDE5MzI2OTQifQ.jIXZA4IkEA4B8md0oKjV2WQCg1szroyzkPVUM6e91Bc", "created_at": "2026-03-24T07:20:32.374Z", "expires_at": "2026-03-31T07:20:32Z"}}, {"model": "token_blacklist.outstandingtoken", "pk": 26, "fields": {"user": "b00a9878-613c-4c0f-9c07-6a7e01932694", "jti": "fc4ce56df1014017a2d3473e833e00ed", "token": "eyJhbGciOiJIUzI1NiIsInR5cCI6IkpXVCJ9.eyJ0b2tlbl90eXBlIjoicmVmcmVzaCIsImV4cCI6MTc3NTQ3MzMxMywiaWF0IjoxNzc0ODY4NTEzLCJqdGkiOiJmYzRjZTU2ZGYxMDE0MDE3YTJkMzQ3M2U4MzNlMDBlZCIsInVzZXJfaWQiOiJiMDBhOTg3OC02MTNjLTRjMGYtOWMwNy02YTdlMDE5MzI2OTQifQ.EK3ewcD3xAys4T_wzKUdJJcZsETLvFD_G85x0445ICo", "created_at": "2026-03-30T11:01:53.323Z", "expires_at": "2026-04-06T11:01:53Z"}}, {"model": "token_blacklist.outstandingtoken", "pk": 27, "fields": {"user": "b00a9878-613c-4c0f-9c07-6a7e01932694", "jti": "28f06f21d3cc48ff906b754d73c453e9", "token": "eyJhbGciOiJIUzI1NiIsInR5cCI6IkpXVCJ9.eyJ0b2tlbl90eXBlIjoicmVmcmVzaCIsImV4cCI6MTc3NTQ4NTk1MiwiaWF0IjoxNzc0ODgxMTUyLCJqdGkiOiIyOGYwNmYyMWQzY2M0OGZmOTA2Yjc1NGQ3M2M0NTNlOSIsInVzZXJfaWQiOiJiMDBhOTg3OC02MTNjLTRjMGYtOWMwNy02YTdlMDE5MzI2OTQifQ.4JlDGodCQRifGShpjy9ddYPWS6sDvvLy-9oWhnXAyp4", "created_at": "2026-03-30T14:32:32.420Z", "expires_at": "2026-04-06T14:32:32Z"}}, {"model": "token_blacklist.outstandingtoken", "pk": 28, "fields": {"user": "b00a9878-613c-4c0f-9c07-6a7e01932694", "jti": "a9431e29aff64c719dc6e58f2b46de75", "token": "eyJhbGciOiJIUzI1NiIsInR5cCI6IkpXVCJ9.eyJ0b2tlbl90eXBlIjoicmVmcmVzaCIsImV4cCI6MTc3NTQ4NTk3NywiaWF0IjoxNzc0ODgxMTc3LCJqdGkiOiJhOTQzMWUyOWFmZjY0YzcxOWRjNmU1OGYyYjQ2ZGU3NSIsInVzZXJfaWQiOiJiMDBhOTg3OC02MTNjLTRjMGYtOWMwNy02YTdlMDE5MzI2OTQifQ.-HEsUc91_tRuOC7l9j9rBnUESfmi4ZnqKYEUj5yqsXU", "created_at": "2026-03-30T14:32:57.529Z", "expires_at": "2026-04-06T14:32:57Z"}}, {"model": "token_blacklist.outstandingtoken", "pk": 29, "fields": {"user": "b00a9878-613c-4c0f-9c07-6a7e01932694", "jti": "8b1c06fc4f29418293bde7c19283fa1a", "token": "eyJhbGciOiJIUzI1NiIsInR5cCI6IkpXVCJ9.eyJ0b2tlbl90eXBlIjoicmVmcmVzaCIsImV4cCI6MTc3NTQ4NjA3MiwiaWF0IjoxNzc0ODgxMjcyLCJqdGkiOiI4YjFjMDZmYzRmMjk0MTgyOTNiZGU3YzE5MjgzZmExYSIsInVzZXJfaWQiOiJiMDBhOTg3OC02MTNjLTRjMGYtOWMwNy02YTdlMDE5MzI2OTQifQ.ypWapUd1OzvfIi-GLaSbvL5Z9gYC0SrhA91JGou_mQQ", "created_at": "2026-03-30T14:34:32.621Z", "expires_at": "2026-04-06T14:34:32Z"}}, {"model": "token_blacklist.outstandingtoken", "pk": 30, "fields": {"user": "b00a9878-613c-4c0f-9c07-6a7e01932694", "jti": "b6a66b3dec5442b792a0e361023b4968", "token": "eyJhbGciOiJIUzI1NiIsInR5cCI6IkpXVCJ9.eyJ0b2tlbl90eXBlIjoicmVmcmVzaCIsImV4cCI6MTc3NTQ4Njg2NywiaWF0IjoxNzc0ODgyMDY3LCJqdGkiOiJiNmE2NmIzZGVjNTQ0MmI3OTJhMGUzNjEwMjNiNDk2OCIsInVzZXJfaWQiOiJiMDBhOTg3OC02MTNjLTRjMGYtOWMwNy02YTdlMDE5MzI2OTQifQ.t0cKMliLwS67c_GbHcoUPEJRO07ICzTanQkXnuMS9a0", "created_at": "2026-03-30T14:47:47.059Z", "expires_at": "2026-04-06T14:47:47Z"}}, {"model": "token_blacklist.outstandingtoken", "pk": 31, "fields": {"user": "b00a9878-613c-4c0f-9c07-6a7e01932694", "jti": "aa526527080b4ce6b6fb3ccfc1aa570b", "token": "eyJhbGciOiJIUzI1NiIsInR5cCI6IkpXVCJ9.eyJ0b2tlbl90eXBlIjoicmVmcmVzaCIsImV4cCI6MTc3NTQ5MjgwNiwiaWF0IjoxNzc0ODg4MDA2LCJqdGkiOiJhYTUyNjUyNzA4MGI0Y2U2YjZmYjNjY2ZjMWFhNTcwYiIsInVzZXJfaWQiOiJiMDBhOTg3OC02MTNjLTRjMGYtOWMwNy02YTdlMDE5MzI2OTQiLCJyb2xlIjoidXNlciIsImlzX3N0YWZmIjpmYWxzZSwiZW1haWwiOiJuaXRoeWF2aWRoeWE0MTRAZ21haWwuY29tIn0.sA6MqmUN-pFBBEfRIVXWtS2SWaNlXDrbysaFWaWCRzk", "created_at": "2026-03-30T16:26:46.971Z", "expires_at": "2026-04-06T16:26:46Z"}}, {"model": "token_blacklist.outstandingtoken", "pk": 32, "fields": {"user": "b00a9878-613c-4c0f-9c07-6a7e01932694", "jti": "0e35facdd9af45709b831698f95e4190", "token": "eyJhbGciOiJIUzI1NiIsInR5cCI6IkpXVCJ9.eyJ0b2tlbl90eXBlIjoicmVmcmVzaCIsImV4cCI6MTc3NTQ5MjgxNiwiaWF0IjoxNzc0ODg4MDE2LCJqdGkiOiIwZTM1ZmFjZGQ5YWY0NTcwOWI4MzE2OThmOTVlNDE5MCIsInVzZXJfaWQiOiJiMDBhOTg3OC02MTNjLTRjMGYtOWMwNy02YTdlMDE5MzI2OTQifQ.cIjUter_Vr8W4Xlc-Y4NvsRfKKFg1KRfhBtQo1Y_GXI", "created_at": "2026-03-30T16:26:56.915Z", "expires_at": "2026-04-06T16:26:56Z"}}, {"model": "token_blacklist.outstandingtoken", "pk": 33, "fields": {"user": "b00a9878-613c-4c0f-9c07-6a7e01932694", "jti": "015314f68d8c42ceba4709d368e93095", "token": "eyJhbGciOiJIUzI1NiIsInR5cCI6IkpXVCJ9.eyJ0b2tlbl90eXBlIjoicmVmcmVzaCIsImV4cCI6MTc3NTUzNzQ2OCwiaWF0IjoxNzc0OTMyNjY4LCJqdGkiOiIwMTUzMTRmNjhkOGM0MmNlYmE0NzA5ZDM2OGU5MzA5NSIsInVzZXJfaWQiOiJiMDBhOTg3OC02MTNjLTRjMGYtOWMwNy02YTdlMDE5MzI2OTQifQ.Qjw1ncQKhQ3_lfLvMYwG6UWStAmV0VLRFZ7b6wzUsbg", "created_at": "2026-03-31T04:51:08.083Z", "expires_at": "2026-04-07T04:51:08Z"}}, {"model": "token_blacklist.outstandingtoken", "pk": 34, "fields": {"user": "b00a9878-613c-4c0f-9c07-6a7e01932694", "jti": "ab302ec4ad9440dc967926e321492cd3", "token": "eyJhbGciOiJIUzI1NiIsInR5cCI6IkpXVCJ9.eyJ0b2tlbl90eXBlIjoicmVmcmVzaCIsImV4cCI6MTc3NTU0MTE3NywiaWF0IjoxNzc0OTM2Mzc3LCJqdGkiOiJhYjMwMmVjNGFkOTQ0MGRjOTY3OTI2ZTMyMTQ5MmNkMyIsInVzZXJfaWQiOiJiMDBhOTg3OC02MTNjLTRjMGYtOWMwNy02YTdlMDE5MzI2OTQiLCJyb2xlIjoidXNlciIsImlzX3N0YWZmIjpmYWxzZSwiZW1haWwiOiJuaXRoeWF2aWRoeWE0MTRAZ21haWwuY29tIn0.BviAlJgOg1aY17j2U9z_DadfVCN_5XD-XplquIGsaw0", "created_at": "2026-03-31T05:52:57.917Z", "expires_at": "2026-04-07T05:52:57Z"}}, {"model": "token_blacklist.outstandingtoken", "pk": 35, "fields": {"user": "b00a9878-613c-4c0f-9c07-6a7e01932694", "jti": "b1bd9cea24c94945b74718eb4ea25e02", "token": "eyJhbGciOiJIUzI1NiIsInR5cCI6IkpXVCJ9.eyJ0b2tlbl90eXBlIjoicmVmcmVzaCIsImV4cCI6MTc3NTU0NDcxMiwiaWF0IjoxNzc0OTM5OTEyLCJqdGkiOiJiMWJkOWNlYTI0Yzk0OTQ1Yjc0NzE4ZWI0ZWEyNWUwMiIsInVzZXJfaWQiOiJiMDBhOTg3OC02MTNjLTRjMGYtOWMwNy02YTdlMDE5MzI2OTQifQ.6DMi6eQrscZcInkpX8Od8neyw4CL-rb02yqKpFOnA-k", "created_at": "2026-03-31T06:51:52.237Z", "expires_at": "2026-04-07T06:51:52Z"}}, {"model": "token_blacklist.outstandingtoken", "pk": 36, "fields": {"user": null, "jti": "2938f57f1e7f4ac08ea4174097ed63d0", "token": "eyJhbGciOiJIUzI1NiIsInR5cCI6IkpXVCJ9.eyJ0b2tlbl90eXBlIjoicmVmcmVzaCIsImV4cCI6MTc3NTU0NzA0MywiaWF0IjoxNzc0OTQyMjQzLCJqdGkiOiIyOTM4ZjU3ZjFlN2Y0YWMwOGVhNDE3NDA5N2VkNjNkMCIsInVzZXJfaWQiOiI3ZTAwY2Q5Yi02NGM4LTQwNGQtODVlMS04ODk5MDYwNzcwM2YifQ.7RqPMROnoir3S-1O0JYLI1qXG3CCO6xEOJYC7OLMSkU", "created_at": "2026-03-31T07:30:43.738Z", "expires_at": "2026-04-07T07:30:43Z"}}, {"model": "token_blacklist.outstandingtoken", "pk": 37, "fields": {"user": "992f4490-3067-4dce-b732-00c42236514a", "jti": "01758adcdf304243bc0d45fac4792f6b", "token": "eyJhbGciOiJIUzI1NiIsInR5cCI6IkpXVCJ9.eyJ0b2tlbl90eXBlIjoicmVmcmVzaCIsImV4cCI6MTc3NTU0NzU3NSwiaWF0IjoxNzc0OTQyNzc1LCJqdGkiOiIwMTc1OGFkY2RmMzA0MjQzYmMwZDQ1ZmFjNDc5MmY2YiIsInVzZXJfaWQiOiI5OTJmNDQ5MC0zMDY3LTRkY2UtYjczMi0wMGM0MjIzNjUxNGEifQ._vb0de0OcWQcdg4nmfHggOoDIhfsxyvVaIWJKCVJcD4", "created_at": "2026-03-31T07:39:35.450Z", "expires_at": "2026-04-07T07:39:35Z"}}, {"model": "token_blacklist.outstandingtoken", "pk": 38, "fields": {"user": "7df8ace3-a172-4ebf-840d-6e54bd927580", "jti": "f1519ff857e14e268fa63d760c8609a3", "token": "eyJhbGciOiJIUzI1NiIsInR5cCI6IkpXVCJ9.eyJ0b2tlbl90eXBlIjoicmVmcmVzaCIsImV4cCI6MTc3NTU1MDI5NywiaWF0IjoxNzc0OTQ1NDk3LCJqdGkiOiJmMTUxOWZmODU3ZTE0ZTI2OGZhNjNkNzYwYzg2MDlhMyIsInVzZXJfaWQiOiI3ZGY4YWNlMy1hMTcyLTRlYmYtODQwZC02ZTU0YmQ5Mjc1ODAifQ.ZAzLmKTJPAHP1cI-OyJFPkqDKDN_oXyXH2U_relKd8o", "created_at": "2026-03-31T08:24:57.994Z", "expires_at": "2026-04-07T08:24:57Z"}}, {"model": "token_blacklist.outstandingtoken", "pk": 39, "fields": {"user": "9326dd3d-193f-4a04-bc99-9161ef08c085", "jti": "4d5bcb9f1842453ba3a9b32dde14fc36", "token": "eyJhbGciOiJIUzI1NiIsInR5cCI6IkpXVCJ9.eyJ0b2tlbl90eXBlIjoicmVmcmVzaCIsImV4cCI6MTc3NTU1MDU4MCwiaWF0IjoxNzc0OTQ1NzgwLCJqdGkiOiI0ZDViY2I5ZjE4NDI0NTNiYTNhOWIzMmRkZTE0ZmMzNiIsInVzZXJfaWQiOiI5MzI2ZGQzZC0xOTNmLTRhMDQtYmM5OS05MTYxZWYwOGMwODUifQ.SENbMVrckB0AqRk5xWTkUN4NQOAHNnsrj7pnngwoMsA", "created_at": "2026-03-31T08:29:40.913Z", "expires_at": "2026-04-07T08:29:40Z"}}, {"model": "token_blacklist.outstandingtoken", "pk": 40, "fields": {"user": "992f4490-3067-4dce-b732-00c42236514a", "jti": "bdfc50607ed94ecea79ad054f954c69e", "token": "eyJhbGciOiJIUzI1NiIsInR5cCI6IkpXVCJ9.eyJ0b2tlbl90eXBlIjoicmVmcmVzaCIsImV4cCI6MTc3NTU1Mjc0OCwiaWF0IjoxNzc0OTQ3OTQ4LCJqdGkiOiJiZGZjNTA2MDdlZDk0ZWNlYTc5YWQwNTRmOTU0YzY5ZSIsInVzZXJfaWQiOiI5OTJmNDQ5MC0zMDY3LTRkY2UtYjczMi0wMGM0MjIzNjUxNGEiLCJyb2xlIjoidXNlciIsImlzX3N0YWZmIjpmYWxzZSwiZW1haWwiOiJrYXJ0aGljazEyNnNrQGdtYWlsLmNvbSJ9.Be5rQOKzdXesR3yOtR5B96qOf9in8OVTfcS_-9g58pw", "created_at": "2026-03-31T09:05:48.165Z", "expires_at": "2026-04-07T09:05:48Z"}}, {"model": "token_blacklist.outstandingtoken", "pk": 41, "fields": {"user": "992f4490-3067-4dce-b732-00c42236514a", "jti": "0420d5ceb67242e1af714ff13ea74e59", "token": "eyJhbGciOiJIUzI1NiIsInR5cCI6IkpXVCJ9.eyJ0b2tlbl90eXBlIjoicmVmcmVzaCIsImV4cCI6MTc3NTU1MjkyOSwiaWF0IjoxNzc0OTQ4MTI5LCJqdGkiOiIwNDIwZDVjZWI2NzI0MmUxYWY3MTRmZjEzZWE3NGU1OSIsInVzZXJfaWQiOiI5OTJmNDQ5MC0zMDY3LTRkY2UtYjczMi0wMGM0MjIzNjUxNGEifQ.51D3_TA8KDe3SmoAeisoc1nyWneQP1OXj63lphB6P3c", "created_at": "2026-03-31T09:08:49.764Z", "expires_at": "2026-04-07T09:08:49Z"}}, {"model": "token_blacklist.outstandingtoken", "pk": 42, "fields": {"user": "9326dd3d-193f-4a04-bc99-9161ef08c085", "jti": "ede6bf80f60c4543982048678395db3d", "token": "eyJhbGciOiJIUzI1NiIsInR5cCI6IkpXVCJ9.eyJ0b2tlbl90eXBlIjoicmVmcmVzaCIsImV4cCI6MTc3NTU1NDY3NywiaWF0IjoxNzc0OTQ5ODc3LCJqdGkiOiJlZGU2YmY4MGY2MGM0NTQzOTgyMDQ4Njc4Mzk1ZGIzZCIsInVzZXJfaWQiOiI5MzI2ZGQzZC0xOTNmLTRhMDQtYmM5OS05MTYxZWYwOGMwODUiLCJyb2xlIjoidXNlciIsImlzX3N0YWZmIjpmYWxzZSwiZW1haWwiOiJhYWRoaUBnbWFpbC5jb20ifQ.f8xKmojd49iIiv-NhaB_HKf4ZW2FEenNobSxOxb3ITc", "created_at": "2026-03-31T09:37:57.940Z", "expires_at": "2026-04-07T09:37:57Z"}}, {"model": "token_blacklist.outstandingtoken", "pk": 43, "fields": {"user": "7df8ace3-a172-4ebf-840d-6e54bd927580", "jti": "d0618b9f5af042ab8e2bbff37221661d", "token": "eyJhbGciOiJIUzI1NiIsInR5cCI6IkpXVCJ9.eyJ0b2tlbl90eXBlIjoicmVmcmVzaCIsImV4cCI6MTc3NTU1NTk0NSwiaWF0IjoxNzc0OTUxMTQ1LCJqdGkiOiJkMDYxOGI5ZjVhZjA0MmFiOGUyYmJmZjM3MjIxNjYxZCIsInVzZXJfaWQiOiI3ZGY4YWNlMy1hMTcyLTRlYmYtODQwZC02ZTU0YmQ5Mjc1ODAiLCJyb2xlIjoidXNlciIsImlzX3N0YWZmIjpmYWxzZSwiZW1haWwiOiJzYW5rYXJ2ZW5nYWRlc2FuMTkwOUBnbWFpbC5jb20ifQ.c8K6Z_rIkx86aqAYDCA0yAuEZW5oUblhKQzlYHqE6sM", "created_at": "2026-03-31T09:59:05.121Z", "expires_at": "2026-04-07T09:59:05Z"}}, {"model": "token_blacklist.outstandingtoken", "pk": 44, "fields": {"user": "7df8ace3-a172-4ebf-840d-6e54bd927580", "jti": "0532df1c34db4d398f3ad6f7880f7390", "token": "eyJhbGciOiJIUzI1NiIsInR5cCI6IkpXVCJ9.eyJ0b2tlbl90eXBlIjoicmVmcmVzaCIsImV4cCI6MTc3NTU1NTk1NSwiaWF0IjoxNzc0OTUxMTU1LCJqdGkiOiIwNTMyZGYxYzM0ZGI0ZDM5OGYzYWQ2Zjc4ODBmNzM5MCIsInVzZXJfaWQiOiI3ZGY4YWNlMy1hMTcyLTRlYmYtODQwZC02ZTU0YmQ5Mjc1ODAifQ.BogNEs5twJ4gQEGCZkl6d5c0Scj_OawN0PqVYKoV_4s", "created_at": "2026-03-31T09:59:15.863Z", "expires_at": "2026-04-07T09:59:15Z"}}, {"model": "token_blacklist.outstandingtoken", "pk": 45, "fields": {"user": "7df8ace3-a172-4ebf-840d-6e54bd927580", "jti": "a4edc7ab92d742289d97060c90976053", "token": "eyJhbGciOiJIUzI1NiIsInR5cCI6IkpXVCJ9.eyJ0b2tlbl90eXBlIjoicmVmcmVzaCIsImV4cCI6MTc3NTU1NjQwNiwiaWF0IjoxNzc0OTUxNjA2LCJqdGkiOiJhNGVkYzdhYjkyZDc0MjI4OWQ5NzA2MGM5MDk3NjA1MyIsInVzZXJfaWQiOiI3ZGY4YWNlMy1hMTcyLTRlYmYtODQwZC02ZTU0YmQ5Mjc1ODAifQ.286V6ly0-vuE04ItWTHMUX7ufFF7DIsANvGuslTfqZ4", "created_at": "2026-03-31T10:06:46.217Z", "expires_at": "2026-04-07T10:06:46Z"}}, {"model": "token_blacklist.outstandingtoken", "pk": 46, "fields": {"user": "10b73889-af6a-4384-98f0-2dd11e9bd7cb", "jti": "c7637b552da14ec6a8638a219bb38a36", "token": "eyJhbGciOiJIUzI1NiIsInR5cCI6IkpXVCJ9.eyJ0b2tlbl90eXBlIjoicmVmcmVzaCIsImV4cCI6MTc3NTU1ODAwOSwiaWF0IjoxNzc0OTUzMjA5LCJqdGkiOiJjNzYzN2I1NTJkYTE0ZWM2YTg2MzhhMjE5YmIzOGEzNiIsInVzZXJfaWQiOiIxMGI3Mzg4OS1hZjZhLTQzODQtOThmMC0yZGQxMWU5YmQ3Y2IifQ.-OXyORvA3F3bz9B6fRNa4uc9gGpBAYWiWm3P-lMuVQU", "created_at": "2026-03-31T10:33:29.076Z", "expires_at": "2026-04-07T10:33:29Z"}}, {"model": "token_blacklist.outstandingtoken", "pk": 47, "fields": {"user": "87e53065-55b8-47bb-b97a-3c2be4ceb397", "jti": "5211c9cd6ada45a2afd925c17874ce24", "token": "eyJhbGciOiJIUzI1NiIsInR5cCI6IkpXVCJ9.eyJ0b2tlbl90eXBlIjoicmVmcmVzaCIsImV4cCI6MTc3NTU1OTI0NiwiaWF0IjoxNzc0OTU0NDQ2LCJqdGkiOiI1MjExYzljZDZhZGE0NWEyYWZkOTI1YzE3ODc0Y2UyNCIsInVzZXJfaWQiOiI4N2U1MzA2NS01NWI4LTQ3YmItYjk3YS0zYzJiZTRjZWIzOTcifQ.TZ5KqG-kT69jrGOPJToP4-2ORB7nUNFL49Uqc9iiVho", "created_at": "2026-03-31T10:54:06.950Z", "expires_at": "2026-04-07T10:54:06Z"}}, {"model": "token_blacklist.outstandingtoken", "pk": 48, "fields": {"user": "7df8ace3-a172-4ebf-840d-6e54bd927580", "jti": "024be3dd2f134f109a70b333b7b017ae", "token": "eyJhbGciOiJIUzI1NiIsInR5cCI6IkpXVCJ9.eyJ0b2tlbl90eXBlIjoicmVmcmVzaCIsImV4cCI6MTc3NTU1OTkzNiwiaWF0IjoxNzc0OTU1MTM2LCJqdGkiOiIwMjRiZTNkZDJmMTM0ZjEwOWE3MGIzMzNiN2IwMTdhZSIsInVzZXJfaWQiOiI3ZGY4YWNlMy1hMTcyLTRlYmYtODQwZC02ZTU0YmQ5Mjc1ODAifQ.wQdrhz5vv_vgwhLnvBS1pLyda8jF5hGBKW6eKUja1Ek", "created_at": "2026-03-31T11:05:36.226Z", "expires_at": "2026-04-07T11:05:36Z"}}, {"model": "token_blacklist.outstandingtoken", "pk": 49, "fields": {"user": "7df8ace3-a172-4ebf-840d-6e54bd927580", "jti": "849f5532336d4d85aca7b444a9d014ee", "token": "eyJhbGciOiJIUzI1NiIsInR5cCI6IkpXVCJ9.eyJ0b2tlbl90eXBlIjoicmVmcmVzaCIsImV4cCI6MTc3NTU3MDYwOCwiaWF0IjoxNzc0OTY1ODA4LCJqdGkiOiI4NDlmNTUzMjMzNmQ0ZDg1YWNhN2I0NDRhOWQwMTRlZSIsInVzZXJfaWQiOiI3ZGY4YWNlMy1hMTcyLTRlYmYtODQwZC02ZTU0YmQ5Mjc1ODAifQ.XupreQTUiuZjMYY6w0M9KjnZhfI9iouLop8OV0i39f4", "created_at": "2026-03-31T14:03:28.901Z", "expires_at": "2026-04-07T14:03:28Z"}}, {"model": "token_blacklist.outstandingtoken", "pk": 50, "fields": {"user": "10b73889-af6a-4384-98f0-2dd11e9bd7cb", "jti": "f22242f91b8a432e8c0cd966f543cc0f", "token": "eyJhbGciOiJIUzI1NiIsInR5cCI6IkpXVCJ9.eyJ0b2tlbl90eXBlIjoicmVmcmVzaCIsImV4cCI6MTc3NTU3MzMwMiwiaWF0IjoxNzc0OTY4NTAyLCJqdGkiOiJmMjIyNDJmOTFiOGE0MzJlOGMwY2Q5NjZmNTQzY2MwZiIsInVzZXJfaWQiOiIxMGI3Mzg4OS1hZjZhLTQzODQtOThmMC0yZGQxMWU5YmQ3Y2IifQ.sxTi4IHwNHkZx_8xK66h-LCaiZf5X5F_D4vza3nXWAU", "created_at": "2026-03-31T14:48:22.269Z", "expires_at": "2026-04-07T14:48:22Z"}}, {"model": "token_blacklist.outstandingtoken", "pk": 51, "fields": {"user": "10b73889-af6a-4384-98f0-2dd11e9bd7cb", "jti": "0920d0e0905843678cf264cc2db1c43f", "token": "eyJhbGciOiJIUzI1NiIsInR5cCI6IkpXVCJ9.eyJ0b2tlbl90eXBlIjoicmVmcmVzaCIsImV4cCI6MTc3NTU3NzQ5MiwiaWF0IjoxNzc0OTcyNjkyLCJqdGkiOiIwOTIwZDBlMDkwNTg0MzY3OGNmMjY0Y2MyZGIxYzQzZiIsInVzZXJfaWQiOiIxMGI3Mzg4OS1hZjZhLTQzODQtOThmMC0yZGQxMWU5YmQ3Y2IiLCJyb2xlIjoidXNlciIsImlzX3N0YWZmIjpmYWxzZSwiZW1haWwiOiJzYW1AZ21haWwuY29tIn0.OIVRdcujae_D0HuQnP-s6i-wUKn5uDVJ-mfWhsDfcfM", "created_at": "2026-03-31T15:58:12.968Z", "expires_at": "2026-04-07T15:58:12Z"}}, {"model": "token_blacklist.outstandingtoken", "pk": 52, "fields": {"user": "10b73889-af6a-4384-98f0-2dd11e9bd7cb", "jti": "5fd6d9f57f6242f0a5b1e40f7eb82c94", "token": "eyJhbGciOiJIUzI1NiIsInR5cCI6IkpXVCJ9.eyJ0b2tlbl90eXBlIjoicmVmcmVzaCIsImV4cCI6MTc3NTU3NzU1NCwiaWF0IjoxNzc0OTcyNzU0LCJqdGkiOiI1ZmQ2ZDlmNTdmNjI0MmYwYTViMWU0MGY3ZWI4MmM5NCIsInVzZXJfaWQiOiIxMGI3Mzg4OS1hZjZhLTQzODQtOThmMC0yZGQxMWU5YmQ3Y2IifQ.HpkVYsnUqBjiKDOjLvWPze2XjqYU_glvKYW6myBIXTg", "created_at": "2026-03-31T15:59:14.300Z", "expires_at": "2026-04-07T15:59:14Z"}}, {"model": "token_blacklist.outstandingtoken", "pk": 53, "fields": {"user": "7df8ace3-a172-4ebf-840d-6e54bd927580", "jti": "c655970ec0024af3893d9913e172cf94", "token": "eyJhbGciOiJIUzI1NiIsInR5cCI6IkpXVCJ9.eyJ0b2tlbl90eXBlIjoicmVmcmVzaCIsImV4cCI6MTc3NTU3ODg1NSwiaWF0IjoxNzc0OTc0MDU1LCJqdGkiOiJjNjU1OTcwZWMwMDI0YWYzODkzZDk5MTNlMTcyY2Y5NCIsInVzZXJfaWQiOiI3ZGY4YWNlMy1hMTcyLTRlYmYtODQwZC02ZTU0YmQ5Mjc1ODAiLCJyb2xlIjoidXNlciIsImlzX3N0YWZmIjpmYWxzZSwiZW1haWwiOiJzYW5rYXJ2ZW5nYWRlc2FuMTkwOUBnbWFpbC5jb20ifQ.yKSyVchYX7ZNGcJJojnmsSHqAj8U6CSLoxCIBNM2aB0", "created_at": "2026-03-31T16:20:55.406Z", "expires_at": "2026-04-07T16:20:55Z"}}, {"model": "token_blacklist.outstandingtoken", "pk": 54, "fields": {"user": "7df8ace3-a172-4ebf-840d-6e54bd927580", "jti": "c87fa924ae2b4a49bdfe1e6da2f520f4", "token": "eyJhbGciOiJIUzI1NiIsInR5cCI6IkpXVCJ9.eyJ0b2tlbl90eXBlIjoicmVmcmVzaCIsImV4cCI6MTc3NTU3ODg5MywiaWF0IjoxNzc0OTc0MDkzLCJqdGkiOiJjODdmYTkyNGFlMmI0YTQ5YmRmZTFlNmRhMmY1MjBmNCIsInVzZXJfaWQiOiI3ZGY4YWNlMy1hMTcyLTRlYmYtODQwZC02ZTU0YmQ5Mjc1ODAifQ.v8CcBMWb_DI4IHGVcsEse1qRuhfzwcyYk6sjO2L_r40", "created_at": "2026-03-31T16:21:33.808Z", "expires_at": "2026-04-07T16:21:33Z"}}, {"model": "token_blacklist.outstandingtoken", "pk": 55, "fields": {"user": "992f4490-3067-4dce-b732-00c42236514a", "jti": "16a3352f84f04f19b3e56fad3c844374", "token": "eyJhbGciOiJIUzI1NiIsInR5cCI6IkpXVCJ9.eyJ0b2tlbl90eXBlIjoicmVmcmVzaCIsImV4cCI6MTc3NTYxODA4OCwiaWF0IjoxNzc1MDEzMjg4LCJqdGkiOiIxNmEzMzUyZjg0ZjA0ZjE5YjNlNTZmYWQzYzg0NDM3NCIsInVzZXJfaWQiOiI5OTJmNDQ5MC0zMDY3LTRkY2UtYjczMi0wMGM0MjIzNjUxNGEiLCJyb2xlIjoidXNlciIsImlzX3N0YWZmIjpmYWxzZSwiZW1haWwiOiJrYXJ0aGljazEyNnNrQGdtYWlsLmNvbSJ9.pHIogiwtndzxjEZ0IXQ3HU9hYA5x8n1iyLJEgZRNjRs", "created_at": "2026-04-01T03:14:48.255Z", "expires_at": "2026-04-08T03:14:48Z"}}, {"model": "token_blacklist.outstandingtoken", "pk": 56, "fields": {"user": "992f4490-3067-4dce-b732-00c42236514a", "jti": "6a377b7a678e46e28184223e5f40897b", "token": "eyJhbGciOiJIUzI1NiIsInR5cCI6IkpXVCJ9.eyJ0b2tlbl90eXBlIjoicmVmcmVzaCIsImV4cCI6MTc3NTYxODEwMSwiaWF0IjoxNzc1MDEzMzAxLCJqdGkiOiI2YTM3N2I3YTY3OGU0NmUyODE4NDIyM2U1ZjQwODk3YiIsInVzZXJfaWQiOiI5OTJmNDQ5MC0zMDY3LTRkY2UtYjczMi0wMGM0MjIzNjUxNGEifQ.UOplQQ52kISV2IPnImRwZPbeFERGioXopXVDIBrsoqk", "created_at": "2026-04-01T03:15:01.695Z", "expires_at": "2026-04-08T03:15:01Z"}}, {"model": "token_blacklist.blacklistedtoken", "pk": 1, "fields": {"token": 5, "blacklisted_at": "2026-03-14T15:51:37.705Z"}}, {"model": "token_blacklist.blacklistedtoken", "pk": 2, "fields": {"token": 7, "blacklisted_at": "2026-03-15T05:13:23.413Z"}}, {"model": "token_blacklist.blacklistedtoken", "pk": 3, "fields": {"token": 8, "blacklisted_at": "2026-03-15T07:46:27.073Z"}}, {"model": "token_blacklist.blacklistedtoken", "pk": 4, "fields": {"token": 10, "blacklisted_at": "2026-03-15T11:27:22.477Z"}}, {"model": "token_blacklist.blacklistedtoken", "pk": 5, "fields": {"token": 12, "blacklisted_at": "2026-03-16T06:00:12.576Z"}}, {"model": "token_blacklist.blacklistedtoken", "pk": 6, "fields": {"token": 13, "blacklisted_at": "2026-03-16T06:13:15.868Z"}}, {"model": "token_blacklist.blacklistedtoken", "pk": 7, "fields": {"token": 14, "blacklisted_at": "2026-03-16T15:39:16.402Z"}}, {"model": "token_blacklist.blacklistedtoken", "pk": 8, "fields": {"token": 16, "blacklisted_at": "2026-03-17T07:12:49.170Z"}}, {"model": "token_blacklist.blacklistedtoken", "pk": 9, "fields": {"token": 20, "blacklisted_at": "2026-03-21T09:04:50.114Z"}}, {"model": "token_blacklist.blacklistedtoken", "pk": 10, "fields": {"token": 23, "blacklisted_at": "2026-03-24T07:18:34.425Z"}}, {"model": "token_blacklist.blacklistedtoken", "pk": 11, "fields": {"token": 30, "blacklisted_at": "2026-03-30T16:26:47.108Z"}}, {"model": "token_blacklist.blacklistedtoken", "pk": 12, "fields": {"token": 33, "blacklisted_at": "2026-03-31T05:52:57.951Z"}}, {"model": "token_blacklist.blacklistedtoken", "pk": 13, "fields": {"token": 37, "blacklisted_at": "2026-03-31T09:05:48.180Z"}}, {"model": "token_blacklist.blacklistedtoken", "pk": 14, "fields": {"token": 39, "blacklisted_at": "2026-03-31T09:37:58.106Z"}}, {"model": "token_blacklist.blacklistedtoken", "pk": 15, "fields": {"token": 38, "blacklisted_at": "2026-03-31T09:59:05.146Z"}}, {"model": "token_blacklist.blacklistedtoken", "pk": 16, "fields": {"token": 50, "blacklisted_at": "2026-03-31T15:58:13.205Z"}}, {"model": "token_blacklist.blacklistedtoken", "pk": 17, "fields": {"token": 49, "blacklisted_at": "2026-03-31T16:20:55.445Z"}}, {"model": "token_blacklist.blacklistedtoken", "pk": 18, "fields": {"token": 41, "blacklisted_at": "2026-04-01T03:14:48.401Z"}}, {"model": "accounts.adminuser", "pk": "10b73889-af6a-4384-98f0-2dd11e9bd7cb", "fields": {"password": "pbkdf2_sha256$1000000$r0x6M3jJMmJWveV0YHo32w$r18E4JGgeQSsTpOhvkNfwUioTNfkodMqLM7aAoAeEPs=", "last_login": null, "is_superuser": false, "username": "sam", "first_name": "", "last_name": "", "is_staff": false, "date_joined": "2026-03-31T10:33:27.158Z", "email": "sam@gmail.com", "role": "user", "phone": null, "profile_image": "", "is_active": true, "created_at": "2026-03-31T10:33:29.070Z", "updated_at": "2026-03-31T10:33:29.070Z", "groups": [], "user_permissions": []}}, {"model": "accounts.adminuser", "pk": "21c1fec8-0ec7-4d1a-9e4f-d915252c2e02", "fields": {"password": "pbkdf2_sha256$1000000$tyZADmtKUgNssqJnls22Eb$2Z2d5TYfBWcfFogQnwlv81Ftk6i05jtwcK7E0QjQkCc=", "last_login": null, "is_superuser": false, "username": "Vino", "first_name": "", "last_name": "", "is_staff": false, "date_joined": "2026-03-15T11:26:41.598Z", "email": "vinovidhyasekar44@gmail.com", "role": "user", "phone": null, "profile_image": "", "is_active": true, "created_at": "2026-03-15T11:26:44.296Z", "updated_at": "2026-03-15T11:26:44.296Z", "groups": [], "user_permissions": []}}, {"model": "accounts.adminuser", "pk": "747a9011-510f-4dbe-a26b-2669058d6763", "fields": {"password": "pbkdf2_sha256$1000000$oFWmN3IunsfpcLOvDV12Ex$CyOODTPvDNhtutj29+Suh/bYHz0YsdFpRlinLM1yEk0=", "last_login": null, "is_superuser": false, "username": "SANJAY_KUMAR_TR", "first_name": "", "last_name": "", "is_staff": false, "date_joined": "2026-03-21T06:09:25.474Z", "email": "bp1119tr@gmail.com", "role": "user", "phone": null, "profile_image": "", "is_active": true, "created_at": "2026-03-21T06:09:27.867Z", "updated_at": "2026-03-21T06:09:27.867Z", "groups": [], "user_permissions": []}}, {"model": "accounts.adminuser", "pk": "7df8ace3-a172-4ebf-840d-6e54bd927580", "fields": {"password": "pbkdf2_sha256$1000000$p6T1YNYVsBu7WNhEoJOWSb$q1clYPmDwdKR06ONGvvxOtVhw4KD7fePm5J/GPy+PYo=", "last_login": null, "is_superuser": false, "username": "Sankar_V", "first_name": "", "last_name": "", "is_staff": false, "date_joined": "2026-03-31T08:24:55.688Z", "email": "sankarvengadesan1909@gmail.com", "role": "user", "phone": null, "profile_image": "", "is_active": true, "created_at": "2026-03-31T08:24:57.989Z", "updated_at": "2026-03-31T08:24:57.989Z", "groups": [], "user_permissions": []}}, {"model": "accounts.adminuser", "pk": "87e53065-55b8-47bb-b97a-3c2be4ceb397", "fields": {"password": "pbkdf2_sha256$1000000$upz2MZJLpn0fSfwuLUNUxW$IRbDbGZax5eyuvukljD6i2VekWyuM9ELue9geXF9HsM=", "last_login": null, "is_superuser": false, "username": "VISHAK", "first_name": "", "last_name": "", "is_staff": false, "date_joined": "2026-03-31T10:54:04.542Z", "email": "visavishak2@gmail.com", "role": "user", "phone": null, "profile_image": "", "is_active": true, "created_at": "2026-03-31T10:54:06.947Z", "updated_at": "2026-03-31T10:54:06.947Z", "groups": [], "user_permissions": []}}, {"model": "accounts.adminuser", "pk": "9326dd3d-193f-4a04-bc99-9161ef08c085", "fields": {"password": "pbkdf2_sha256$1000000$Flo7fijUlcsZouEAqduge1$Iu6nAbRtHaWRN3hO8WQT+i80sGLkPIUVAaJ4TiaqM/4=", "last_login": null, "is_superuser": false, "username": "aadhi", "first_name": "", "last_name": "", "is_staff": false, "date_joined": "2026-03-31T08:29:38.238Z", "email": "aadhi@gmail.com", "role": "user", "phone": null, "profile_image": "", "is_active": true, "created_at": "2026-03-31T08:29:40.908Z", "updated_at": "2026-03-31T08:29:40.908Z", "groups": [], "user_permissions": []}}, {"model": "accounts.adminuser", "pk": "992f4490-3067-4dce-b732-00c42236514a", "fields": {"password": "pbkdf2_sha256$1000000$Ar3wnxvykrTxTvtfTppE19$k+9sqhS8vKncINca8onLMZCG0fghH3GL6ymrDnYPhY4=", "last_login": null, "is_superuser": false, "username": "Karthick_Sekar", "first_name": "", "last_name": "", "is_staff": false, "date_joined": "2026-03-31T07:39:33.415Z", "email": "karthick126sk@gmail.com", "role": "user", "phone": null, "profile_image": "", "is_active": true, "created_at": "2026-03-31T07:39:35.446Z", "updated_at": "2026-03-31T07:39:35.446Z", "groups": [], "user_permissions": []}}, {"model": "accounts.adminuser", "pk": "b00a9878-613c-4c0f-9c07-6a7e01932694", "fields": {"password": "pbkdf2_sha256$1000000$Fe1XuRddd1hVOdRIkoCGBo$ilM/eSLBKM5N/R9+0SJDGDc2ZzjkKiZGNKQj3RyILng=", "last_login": null, "is_superuser": false, "username": "nithya", "first_name": "", "last_name": "", "is_staff": false, "date_joined": "2026-03-13T15:47:31.770Z", "email": "nithyavidhya414@gmail.com", "role": "user", "phone": null, "profile_image": "", "is_active": true, "created_at": "2026-03-13T15:47:33.753Z", "updated_at": "2026-03-13T15:47:33.753Z", "groups": [], "user_permissions": []}}, {"model": "accounts.adminuser", "pk": "f64e220a-af25-4695-a728-32d75f9a8cd7", "fields": {"password": "pbkdf2_sha256$1000000$AqBJs7ZN4CBJl4MCizqDI6$51UEfzsj94AyW7n/7gm8DEM1aO7OKzcIlGHRj/0J2Lk=", "last_login": "2026-03-31T16:16:47.234Z", "is_superuser": true, "username": "admin", "first_name": "", "last_name": "", "is_staff": true, "date_joined": "2026-03-13T13:58:36.336Z", "email": "kavithedaldpi@gmail.com", "role": "user", "phone": null, "profile_image": "", "is_active": true, "created_at": "2026-03-13T13:58:36.599Z", "updated_at": "2026-03-31T07:38:18.281Z", "groups": [], "user_permissions": []}}, {"model": "books.category", "pk": "65960322-700e-46dd-a540-a4903d393432", "fields": {"name": "சிறுகதை", "description": "", "created_at": "2026-03-16T05:42:03.727Z"}}, {"model": "books.category", "pk": "bb56f990-39f1-45b8-a574-1ba9f63fc8f6", "fields": {"name": "கவிதை", "description": "", "created_at": "2026-03-15T09:04:10.356Z"}}, {"model": "books.book", "pk": "127a5911-3861-4bbf-be1e-bcb45a16d03c", "fields": {"title": "காற்றில் கரைந்தவை", "author": "adfe7c91-da02-4d34-a181-94c3781489bb", "description": "கோ. கேமலதோ அவர்கள் எழுதியுள்ள அனைத்து கவிதைகளும் உணர்வுகளை நெஞ்சோடு கட்டிப்பிடிக்கும் வகையில் அமைந்துள்ளன. அப்பாவைப் பற்றியும், காதலின் காத்திருப்பையும், குத்தகை கவிதைகளையும் ஒரே தொகுப்பாக இணைத்து வழங்கியுள்ளமை இவரது எழுத்துத் திறனின் ஆழத்தை வெளிப்படுத்துகிறது.\r\n\r\n“காற்றில் கரைந்தவை” என்ற தலைப்பே நூலின் உள்ளார்ந்த உணர்வுகளை முன்கூட்டியே சொல்லிவிடுகிறது. படிக்கப் படிக்க வாசகனும் காற்றில் கரைந்து பறக்கும் உணர்வை இந்த நூல் அளிக்கிறது.\r\n\r\nஉலகத்தில் அப்பாவைப் பற்றி எழுதப்பட்ட கவிதைகள் பல இருந்தாலும், இக்கவிதை தனித்துவமாக மனதைத் தொடுகிறது.\r\n\r\n“என்னைவென பிறப்பித்து\r\nஉனக்கென ஒன்றும் இல்லாமல்\r\nதனக்கென எல்லாம் செய்தாய்\r\nஉயிரிலும் மேலாகத் தோழனாய்\r\nஅப்பா.....”\r\n\r\nஇந்த வரிகள் அப்பாவின் தியாகத்தையும், பாசத்தையும், தோழமையையும் ஒரே சமயம் சொல்லுகின்றன. தனக்கென வாழாமல் குடும்பத்திற்காக உயிரையே அர்ப்பணிக்கும் தந்தையின் வாழ்க்கையை எளிய சொற்களில் ஆழமாக எடுத்துரைக்கிறது.\r\n\r\nஅப்பா என்ற சொல்லின் பெருமையை உணர்த்தும் இந்தக் கவிதை வாசகனின் கண்களை ஈரப்படுத்தும் வலிமை கொண்டது.\r\n\r\nஇந்தக் கவிதை அப்பாவை நினைக்கும் ஒவ்வொரு உள்ளத்திற்கும் மரியாதை செலுத்தும் ஒரு சாட்சி.\r\n\r\nசொற்கள் குறைவானவை; ஆனால் உணர்வுகள் அளவற்றவை.", "price": "200.00", "discount_percentage": "20.00", "ebook_price": "160.00", "physical_price": "180.00", "book_type": "both", "pdf_file": "media/books/pdfs/கறறல_கரநதவ_bxw5hd", "category": null, "cover_image": "media/books/covers/WhatsApp_Image_2026-03-02_at_3.00.38_PM_hzrxdh", "stock": 20, "published_date": "2026-02-26", "isbn": "978-93-89781-57-1", "pages": 130, "language": "Tamil", "is_featured": false, "is_active": true, "created_at": "2026-03-15T09:53:39.296Z", "updated_at": "2026-03-15T09:53:39.296Z"}}, {"model": "books.book", "pk": "1c3d3c04-6295-49fd-82c6-ad4dc2f5a48c", "fields": {"title": "தவறுகள்", "author": "491eabf3-e848-4233-a18b-97888b487672", "description": "தமிழகத்தின் பேர்முரசாக இருந்த முண்டாசுக் கவிஞன் மகாகவி பாரதி,\r\n“சிறுமை கண்டு பொங்குவாய் வா வா” என்று பாடிய பாடல் வரிகளை மனதில் பதிய வைத்துக் கொண்டு, அவ்வாறு பொங்கிய ஒரு இளைஞனின் வரிகளாகத்தான் இதை நான் பார்க்கிறேன்.\r\n\r\nசமூகத்தில் புழுதியாடிக் கிடக்கும் தவறுகளையும் தடுமாற்றங்களையும் கண்டும் காணாமல் சென்று விடாமல், ஒரு அறச்சீற்றத்தோடு அவற்றைத் தனது எழுத்துக்களால் தாக்கி வீழ்த்த நினைக்கும் நல்லதொரு இளைஞனின் சிந்தனையாக இதைப் பார்க்கிறேன்.\r\n\r\nஅந்த வகையில் இந்த சமூகத்தில் தனது கண் நோட்டத்தில் காணப்படும் அத்தனை தீமைகளையும், அவை எவ்வாறு தவறானவை என்பதையும் இந்தக் குறுங்கவிதைகளில் மிகவும் சிறப்பாக பதிவு செய்திருக்கிறார்.\r\n\r\nஇரவில் தனியாக நடந்து சென்ற\r\nபெண்ணிடம் களவாடப்பட்டது\r\nகற்பு\r\n\r\nஎன்ற வரிகளில் தொடங்கி,\r\n\r\nபோலியான சிலரால்\r\nமரியாதை இழந்தது\r\nநட்பும் காதலும்\r\n\r\nஎன்ற கடைசி கவிதை வரை, தனது அறச்சீற்றத்தையும் ஆதங்கத்தையும் வேதனையையும் கவிதை வரிகளில் வெளிப்படுத்தியிருக்கிறார் நூலாசிரியர்.\r\n\r\nஅவர் எழுதிய கவிதைகளில் பெரும்பாலானவற்றிலும் இப்படிப்பட்ட அறச்சீற்றம் வெளிப்பட்டாலும், சிலவற்றை குறிப்பிட்டு சொல்ல விரும்புகிறேன்.\r\n\r\nஇன்றைய காதலிடம்\r\nஇறந்து போனது\r\nஉண்மை\r\n\r\nஎன்று, “காதல்” என்ற பெயரில் போலியாக நடமாடும் சில இளைஞர்களின் எண்ண ஓட்டத்தைப் பற்றி அப்பட்டமாக வெளிப்படுத்துகிறார்.", "price": "180.00", "discount_percentage": "15.00", "ebook_price": "140.00", "physical_price": "160.00", "book_type": "both", "pdf_file": "media/books/pdfs/தவறகள_jzfcsy", "category": "bb56f990-39f1-45b8-a574-1ba9f63fc8f6", "cover_image": "media/books/covers/WhatsApp_Image_2026-03-02_at_2.48.48_PM_vn14p1", "stock": 20, "published_date": "2026-08-25", "isbn": "978-81-990129-1-2", "pages": 101, "language": "Tamil", "is_featured": false, "is_active": true, "created_at": "2026-03-15T10:06:10.710Z", "updated_at": "2026-03-15T10:06:10.710Z"}}, {"model": "books.book", "pk": "58afd7a5-9be4-47f1-aff2-65d94b1a33c5", "fields": {"title": "குயிலின் குறிப்பு", "author": "02399889-ace2-47fc-aec7-8e9357244492", "description": "ஆ. கோகிலப்பிரியா அவர்கள் எழுதிய இந்தக் கவிதைத் தொகுப்பு, வெறும் சொற்களின் அடுக்காக அல்ல; வாழ்க்கை அவர்மேல் எழுதிய வலியின் வரிகளாகவே தோன்றுகிறது. படிக்கப் படிக்க மனம் நெகிழச் செய்கின்ற இந்த நூல், அவர் கடந்துவந்த பாதைகளின் சாட்சியாக நின்று, வாசகனின் உள்ளத்தையும் அதே வழியில் அழைத்துச் செல்கிறது.\r\n\r\nஒரு நூலாக வெளியிட வேண்டும் என்ற எண்ணம் ஒரே நாளில் உருவானது அல்ல. காலம் தந்த காயங்களும், மனதில் தங்கி மறக்க முடியாத நினைவுகளும், பேனாவின் முனையில் கூடி கவிதையாக உருவெடுத்திருக்கின்றன.\r\n\r\nபிள்ளை மனதின் தூய்மையோடு தொடங்கிய எழுத்துப் பயணம், பேனாவின் முனையை உடைக்கும் அளவுக்கு வலியைச் சுமந்து வளர்ந்துள்ளது என்பதே இந்த நூலின் ஆழம்.\r\n\r\nஒவ்வொரு கவிதையும் அவரின் வாழ்வில் பட்ட காயங்களின் ஒலியை மெல்லியதாகச் சொல்கிறது. சொல்ல முடியாத வேதனைகளும், எழுத முடியாத துக்கங்களும் கவிதைகளாக மாறி உலகிற்கு வழங்கப்பட்டுள்ளன.\r\n\r\nஇதனால் இந்த நூல் அவருக்குரிய தனிப்பட்ட அனுபவமாக இருந்தாலும், வாசகன் ஒவ்வொருவருக்கும் தன் வாழ்க்கையின் ஒரு பகுதியாகவே உணரப்படுகிறது.\r\n\r\nவலி ஒரு பாரமாக மாறாமல் படைப்பாக மாறும் போது தான் இலக்கியம் பிறக்கிறது. அந்த இலக்கியத்தின் அழகான சாட்சியாக இந்தக் கவிதைத் தொகுப்பு திகழ்கிறது.", "price": "170.00", "discount_percentage": "15.00", "ebook_price": "140.00", "physical_price": "150.00", "book_type": "both", "pdf_file": "media/books/pdfs/கயலன_கறபப_1_1_qicqbi", "category": null, "cover_image": "media/books/covers/WhatsApp_Image_2026-03-02_at_2.08.21_PM_uu4bzl", "stock": 20, "published_date": "2026-02-26", "isbn": "978-81-998748-3-1", "pages": 97, "language": "Tamil", "is_featured": false, "is_active": true, "created_at": "2026-03-15T10:34:51.209Z", "updated_at": "2026-03-15T10:34:51.209Z"}}, {"model": "books.book", "pk": "8ed7656a-117f-4b33-ae9b-e9c3572a99d7", "fields": {"title": "நீ சென்ற பின்னும் நின்று கொண்டிருக்கும் என் காதல்", "author": "9e89c508-37b0-4ae7-83e3-643ac6f611e8", "description": "நீ சென்ற பின்னும் நின்று கொண்டிருக்கும் என் காதல்” எனத் தொடங்கும் இந்தத் தமிழ் கவிதை நூல், ஒரு காதல் கனவின் வெளிப்பாடாகும்.\r\n\r\nசொற்களை செதுக்கி, உணர்வுகளுக்கு உயிரூட்டிய இந்தப் படைப்பு, காதல் இலக்கியத்தில் ஒரு அழகிய மெல்லிய தடம் பதிக்கிறது.\r\n\r\nகாதல் என்பது வார்த்தைகளின் அடுக்கல்ல; அது மனதின் குரல். அந்தக் குரலை இந்தக் கவிதை நூல் தெளிவாகப் பேசுகிறது.\r\n\r\n“எண்ணிய முடிதல் வேண்டும்” என்ற பாரதியாரின் வரிகளைப் போல, எண்ணிய கனவை கவிதை நூலாக மாற்றிய என் அன்புச் சகோதரி, இந்நூலின் ஆசிரியர் ஷாலினி காளியப்பெருமாள் அவர்களின் முயற்சி பாராட்டுக்குரியது.\r\n\r\nஇந்த நூல் வாசகர்களின் உள்ளங்களைத் தொட்டு, சிந்தனைகளைத் தூண்டி, உணர்வுகளை வளப்படுத்தும் என நான் நம்புகிறேன்.", "price": "200.00", "discount_percentage": "15.00", "ebook_price": "160.00", "physical_price": "180.00", "book_type": "both", "pdf_file": "media/books/pdfs/0._ந_சனற_பனனம_நனற_கணடரககம_என_கதல_mqdksb", "category": "bb56f990-39f1-45b8-a574-1ba9f63fc8f6", "cover_image": "media/books/covers/WhatsApp_Image_2026-03-02_at_2.08.20_PM_3_acdhv9", "stock": 20, "published_date": "2026-02-23", "isbn": "978-81-998748-7-9", "pages": 98, "language": "Tamil", "is_featured": false, "is_active": true, "created_at": "2026-03-16T05:29:39.036Z", "updated_at": "2026-03-16T05:29:39.036Z"}}, {"model": "books.book", "pk": "987ba146-d780-4fd0-abb8-f847ee1be313", "fields": {"title": "kavithedal", "author": "3783b432-f904-42de-9ef7-0bfed5b722e8", "description": "", "price": "1.00", "discount_percentage": "0.00", "ebook_price": "1.00", "physical_price": "1.00", "book_type": "both", "pdf_file": "media/books/pdfs/இரவழ_நனவ_peab39.pdf", "category": null, "cover_image": "", "stock": 20, "published_date": null, "isbn": "", "pages": 0, "language": "English", "is_featured": false, "is_active": true, "created_at": "2026-03-31T16:17:59.496Z", "updated_at": "2026-03-31T16:17:59.496Z"}}, {"model": "books.book", "pk": "b5a512b3-a110-48ab-8151-d76680d2be97", "fields": {"title": "காதல் கனவு", "author": "491eabf3-e848-4233-a18b-97888b487672", "description": "“கவிஞனின் காதல் கனவு” என்ற இந்த நூல் அன்புத் தம்பி இளம் கவி விஷாக் அவர்களால் எழுதப்பட்டுள்ளது. இதில் இடம்பெற்றுள்ள அனைத்து கவிதைகளும் காதல் ரசம் சொட்டச் சொட்ட எழுதப்பட்டுள்ளன.\r\n\r\nதற்போதைய வளரிளம் பருவ இளைஞர்களின் ஒட்டுமொத்த சிந்தனையும், எதிர்பார்ப்பும், எண்ணங்களும் வெளிப்படுத்துகின்ற கருவியாக காதலே இருப்பதை நாம் அறிவோம். அவ்வாறான சிந்தனையின் வெளிப்பாடாக, பல்வேறு கோணங்களில் காதலை மையமாகக் கொண்டு தன்னுடைய கவிதை வரிகளைப் படைத்திருக்கிறார்.\r\n\r\nஇதில் ஒரு சிறப்பு என்னவென்றால், எந்தக் கவிதையிலும் ஒரு வரம்பைத் தாண்டிச் செல்லவில்லை இவரது வரிகள். ஒரு நெறியோடு, முறையாக தன் ஆழமான காதலை உயிரோடும் உணர்வோடும் கலந்து, நெகிழ்ந்து நெகிழ்ந்து, உருகி உருகி எழுதியிருக்கிறார் என்றால் மிகையல்ல.\r\n\r\nவிஷாக் அவர்களின் கவிதைகளில் இடையிடையே ஒரு செய்தியையும் பதிவு செய்வதை காண முடிகிறது. காதலி என்பவள் தன் அன்னையைப் போலவே அன்பு பாராட்டுபவளாக இருக்க வேண்டும் என்ற தனது ஆவலை வெளிப்படுத்துகிறார். அதேபோல் அன்னைக்கு அடுத்து தான் மிகுந்த அன்பு செலுத்தக் கூடியவளாகவும் காதலி இருப்பாள் என்பதையும் பதிவு செய்கிறார். இது ஒரு பாராட்டத்தக்க அணுகுமுறையாகக் கருதுகிறேன்.\r\n\r\nஏனெனில் அன்னையாவள் நம்மீது கொண்ட அன்பு சுயநலமற்றது; எந்தவிதமான எதிர்பார்ப்பும் இல்லாதது. அதேபோல் அன்னையிடம் நாம் கொண்ட அன்பும் எல்லையற்றது, தூய்மையானது. அப்படிப் பார்க்கும்போது எதிர்பார்ப்பில்லாத ஆழமான அன்பை வெளிப்படுத்துவதாக இந்தக் கவிதைகள் அமைந்துள்ளன என்பது சிறப்பாகும்.\r\n\r\nஉதாரணமாக:\r\n\r\nநான் பிறந்தவுடன் இன்பமாக உணர்ந்த\r\nஎன் தாயின் இதயத்தில் கிடைத்த அன்பை\r\nநான் உன் இதயத்தில் பார்க்கிறேன்.\r\n\r\nஎன்ற கவிதையிலும்,\r\n\r\nஎன்னவென்று தெரியவில்லை,\r\nஉன்னைப் பார்க்கின்ற போதெல்லாம்\r\nஎன் அம்மாவின் மடியில்\r\nஇருப்பது போல உணர்கிறேன்.\r\n\r\nஎன்றும் பதிவிடுகிறார்.\r\n\r\nஇந்த ஒப்பீடு தூய்மையான அன்பின் வெளிப்பாடாகும் என்பதை நாம் உணரலாம்.", "price": "180.00", "discount_percentage": "20.00", "ebook_price": "160.00", "physical_price": "180.00", "book_type": "both", "pdf_file": "media/books/pdfs/கதல_கனவ_இறத_நல_tqmmbc", "category": null, "cover_image": "media/books/covers/WhatsApp_Image_2026-03-02_at_2.50.59_PM_hgscej", "stock": 20, "published_date": "2024-03-24", "isbn": "978-93-89781-99-1", "pages": 74, "language": "Tamil", "is_featured": false, "is_active": true, "created_at": "2026-03-15T10:00:58.924Z", "updated_at": "2026-03-15T10:00:58.924Z"}}, {"model": "books.book", "pk": "c0dc16e7-3ce5-4327-bf9d-6082e94469b5", "fields": {"title": "அவள் எழுதி விட்டுச்  சென்ற பக்கம்", "author": "e049f189-f062-4a9e-a411-ea54899b48e3", "description": "காதல் என்பது வெறும் உணர்வு அல்ல; அது ஒரு ஆழமான பயணம். அந்தப் பயணத்தில் ஒரு மனிதன் சந்திக்கும் இன்பங்களையும், அதைவிட ஆழமான பிரிவின் வலிகளையும் மிக நேர்த்தியாகவும் எதார்த்தமாகவும் கவிதைகளாக்கியுள்ளார் தரணீஷ்.\r\n\r\n“உன்னைப் பார்த்த ஒவ்வொரு நிமிடமும் புத்தாண்டாய்ப் பிறக்கிறது என் மனம்” என்று அவர் குறிப்பிடும்போது, காதலின் புத்துணர்வையும்; “அவள் விட்டுச் சென்ற நினைவுகள்” என்று பாடும்போது, பிரிவின் கனத்தையும் வாசகர்கள் அப்படியே உணர முடிகிறது.\r\n\r\n72 பக்கங்களை கொண்ட இந்த நூல், ஒரு மென்மையான திரைக்கதையைப் போல வாசகர்களை காதலின் பல்வேறு பரிமாணங்களுக்கு அழைத்துச் செல்கிறது. நவீன யுகத்தின் வேகமான காதலைத் தவிர்த்து, பழைய காலத்தின் மென்மையும் மரியாதையும் கலந்த ஒரு காதலை இவரது வரிகளில் நாம் காண முடிகிறது.\r\n\r\nகாயங்கள் பல இருந்தாலும், அந்த நினைவுகளையே மருந்தாக மாற்றிக் கொள்ளும் ஒரு படைப்பாளியின் பக்குவம் இந்தத் தொகுப்பின் ஒவ்வொரு பக்கத்திலும் மிளிர்கிறது.\r\n\r\nஉணர்வுகளை தாள்களில் வடிக்கத் தெரிந்த இவரைப் போன்ற கலைஞர்களால்தான் தமிழ் இலக்கியம் இன்றும் இளமையோடு பயணிக்கிறது. இந்தத் தொகுப்பு வெறும் காகிதங்கள் அல்ல; இது ஒரு கவிஞனின் இதயம் எழுதிச் சென்ற உணர்வுப் பக்கங்கள்.\r\n\r\nதரமான படைப்புகளுக்கு எப்போதும் ஆதரவளிக்கும் தமிழ் நெஞ்சங்கள், இந்த நூலையும் தழுவிக் கொண்டு, கவிஞர் ஆ. தரணீஷ் அவர்களின் இலக்கியப் பயணத்திற்கு பெரும் ஊக்கமாக இருப்பீர்கள் என்று நான் உறுதியாக நம்புகிறேன்.", "price": "160.00", "discount_percentage": "15.00", "ebook_price": "130.00", "physical_price": "150.00", "book_type": "both", "pdf_file": "media/books/pdfs/அவள_எழத_வடட_சனற_பககம_iam9sg", "category": "bb56f990-39f1-45b8-a574-1ba9f63fc8f6", "cover_image": "media/books/covers/WhatsApp_Image_2026-03-02_at_2.08.20_PM_qmfaz8", "stock": 20, "published_date": "2026-02-23", "isbn": "978-81-997191-4-9", "pages": 72, "language": "Tamil", "is_featured": false, "is_active": true, "created_at": "2026-03-15T10:52:03.933Z", "updated_at": "2026-03-15T10:52:03.933Z"}}, {"model": "books.book", "pk": "c83c1ce2-6c9d-4919-a627-4ccfe249b0e0", "fields": {"title": "மழலை முதல் காளை", "author": "e87984dc-41f6-4ff3-8313-f0a54f031db1", "description": "மழலை முதல் காலை” என்னும் நூலானது மற்றவர்களின் வாழ்க்கை வரலாற்றைப் படிக்க ஆவலாக இருக்கும் அனைவரும் வாசிக்கக்கூடிய ஒரு அருமையான நூல்.\r\n\r\nமுந்தைய நூல்களுக்கு நீங்கள் வழங்கிய ஆதரவுபோல, இந்த நூலுக்கும் உங்கள் ஆதரவு மிகவும் அவசியமானது.\r\n\r\nஒவ்வொரு நூலும் வெளிவரும் போது, அந்த நூல் வெளிவரக் காரணமாக இருந்தவர்களை நினைவுகூருவது சிறந்ததாகும். அந்த அடிப்படையில், இந்த நூல் வெளிவரக் காரணமாக இருந்த என்னுடைய பெற்றோர்களான பழனிமுத்து, பாப்பு, மற்றும் சகோதரிகளான அம்மு (அமிர்தவல்லி), பவித்ரா ஆகியோருக்கும் என் நன்றியைத் தெரிவித்து கொள்கிறேன்.\r\n\r\nநான் பணியாற்றும் பெரியார் பல்கலைக்கழகத்தின் வேந்தர், இணைவேந்தர், துணைவேந்தர், பதிவாளர், புல முதன்மையர்கள், பேராசிரியர்கள் மற்றும் மாணவர்கள் உள்ளிட்ட அனைவருக்கும் என் நன்றியைத் தெரிவித்துக் கொள்கிறேன்.\r\n\r\nஇந்த நூல் வெளிவருவதற்கு மிகவும் முக்கிய காரணமாக இருந்தவர்கள் யார் என்றால், “இயல்பின் இளவரசி” எனும் தோழியும், கவித்தேடல் பதிப்பகத்தின் நிறுவனர் தோழர் கோகுல் அவர்களும் ஆவர். அவர்களுக்கும் இந்த நேரத்தில் என் நன்றியை உரித்தாக்குகிறேன்.\r\n\r\nஎன்னுடைய இந்த “மழலை முதல் காலை” என்னும் நூலுடன் சேர்த்து, இது எனது பதினாறாவது நூலாக வெளிவருகிறது. எனக்கு மிகுந்த அளவில் துணை நின்ற கவித்தேடல் பதிப்பகத்திற்கு என் நெஞ்சார்ந்த நன்றிகளைத் தெரிவித்துக் கொள்கிறேன்.", "price": "150.00", "discount_percentage": "15.00", "ebook_price": "130.00", "physical_price": "140.00", "book_type": "both", "pdf_file": "media/books/pdfs/மழல_மதல_கள1_awchkp", "category": "bb56f990-39f1-45b8-a574-1ba9f63fc8f6", "cover_image": "media/books/covers/WhatsApp_Image_2026-03-02_at_2.08.21_PM_1_ukcemf", "stock": 20, "published_date": "2026-02-26", "isbn": "978-81-997191-6-3", "pages": 90, "language": "Tamil", "is_featured": false, "is_active": true, "created_at": "2026-03-15T10:44:41.720Z", "updated_at": "2026-03-15T10:44:41.720Z"}}, {"model": "books.book", "pk": "dfc1b6af-ebf3-413c-a31d-60b005f24e3e", "fields": {"title": "பிரவீன் பார்வையில் பிரபஞ்சம்", "author": "515aa1bd-e0d5-4097-9c7d-1944ce621c30", "description": "படைப்பாற்றல் என்பது ஒரு மகா சமுத்திரம்.\r\nஅந்த சமுத்திரத்தில் தன் சிந்தனைத் துளிகளால் ஒரு புதிய பிரபஞ்சத்தையே உருவாக்கியிருக்கிறார் தம்பி பாரதி பிரவீன். இவருடைய “பிரவீன் பார்வையில் பிரபஞ்சம்” என்ற இந்தத் தொகுப்பு, வெறும் கவிதைகளின் சங்கமம் மட்டுமல்ல; ஒரு இளைஞனின் தேடலும், சமூகத்தின் மீது அவனுடைய பார்வையும் கலந்த ஒரு கலைப் படைப்பு.\r\n\r\n“தாய்க்கு நிகரான தமிழை காதலிக்கிறேன்” என்று கூறும் இவருடைய வரிகளில் மொழியின் மீதான பற்று மற்றும் ஆளுமை தெளிவாக பளிச்சிடுகிறது. வறுமை தன் ஆசைகளை எதிர்த்தாலும், நம்பிக்கையை மட்டும் தளர விடாமல் வெற்றியை நோக்கிப் பயணிக்கும் இவரின் மன உறுதி பாராட்டுக்குரியது.\r\n\r\nகுறிப்பாக,\r\n“நானும் நாள்காட்டியும் ஒன்றுதான்…\r\nநாள்தோறும் கிழிக்கப்படுகிறோம்”\r\nஎன்ற வரிகள் வாழ்க்கையின் வலியை எவ்வளவு அழகாக வெளிப்படுத்துகின்றன!\r\n\r\nஎதார்த்தமான மொழியில், இதயத்தைத் தொடும் உணர்வுகளோடு இந்த பிரபஞ்சத்தை நம் கண்முன் நிறுத்தியிருக்கிறார் பாரதி பிரவீன். இவருடைய கவிதைப் பயணம் இன்னும் பல மைல் கற்களை கடக்க வேண்டும் என்றும், இலக்கிய வானில் இவர் ஒரு துருவ நட்சத்திரமாகத் திகழ வேண்டும் என்றும் மனதார வாழ்த்துகிறேன்.", "price": "180.00", "discount_percentage": "5.00", "ebook_price": "170.00", "physical_price": "180.00", "book_type": "both", "pdf_file": "media/books/pdfs/பரவன_பரவயல_பரபஞசம-100_vua3mr.pdf", "category": "bb56f990-39f1-45b8-a574-1ba9f63fc8f6", "cover_image": "media/books/covers/WhatsApp_Image_2026-03-02_at_2.08.18_PM_6_jzof8y", "stock": 20, "published_date": "2026-02-04", "isbn": "978-81-997191-2-5", "pages": 108, "language": "Tamil", "is_featured": false, "is_active": true, "created_at": "2026-03-16T05:56:58.333Z", "updated_at": "2026-03-31T06:51:26.951Z"}}, {"model": "books.book", "pk": "f0b53b3b-172e-4b87-92e8-c3fd8c6adcf3", "fields": {"title": "இருவிழி நினைவுகள்", "author": "ae380eef-23a9-478c-a3f1-f0758964df3c", "description": "இருவிழி நினைவுகள்” எனும் இந்தக் கவிதைத் தொகுப்பு, எழுத்துகளின் ஒளியில் பிறக்கும் ஒரு புதிய உலகம். லிபிகாவின் கைகளில் எழுத்துகள் முத்துகளாக மாறுகின்றன; அந்த முத்துக்கள் ஆகஸ்ட் மாதக் காற்றைப் போல மனங்களை நெகிழச் செய்கின்றன.\r\n\r\nகாதல், பாசம், நேசம், நினைவுகள், கற்பனைகள்—எத்தனை உணர்வுகள் இருந்தாலும், அவற்றின் எல்லைகளையும் கடந்து ஒரு பெண்ணின் மனத்தின் முன் அனைத்தும் உருகிப் போகின்றன; அதுவே இந்த நூலின் சிறப்பு.\r\n\r\nஎழுதப்படும் ஒவ்வொரு வரியும் அவளது உள்ளத்தின் இசையைச் சொல்வதுபோன்ற ஒரு மென்மையான ஓவியமாகும். பேனாவின் ஒலி கூட பாசத்தைப் பிறப்பிக்கும். காதல் மறைந்து கிடக்கும் இடங்களை அதன் வழியாகத் தேடி சென்றடைய முடிகிறது.\r\n\r\nஇந்தப் புத்தகத்தின் பக்கங்கள் அனைத்தும் திறந்த கதவுகளைப் போன்றவை. அந்தக் கதவுகள் வழியாக அவள் எழுதிய ஒவ்வொரு உணர்வையும் உள்ளே கொண்டு வந்து, அவற்றை ஒரு நூலாக மாற்றும் அவளது திறமை—அது ஒரு அரிய கலை, ஒரு வரம், ஒரு பெருமை.", "price": "170.00", "discount_percentage": "10.00", "ebook_price": "160.00", "physical_price": "170.00", "book_type": "both", "pdf_file": "media/books/pdfs/இரவழ_நனவ_sh7nkg.pdf", "category": "bb56f990-39f1-45b8-a574-1ba9f63fc8f6", "cover_image": "media/books/covers/WhatsApp_Image_2026-03-02_at_2.08.20_PM_2_d8xnmb", "stock": 20, "published_date": "2026-02-26", "isbn": "978-93-89781-64-9", "pages": 100, "language": "Tamil", "is_featured": false, "is_active": true, "created_at": "2026-03-16T05:36:53.851Z", "updated_at": "2026-03-31T06:53:43.726Z"}}, {"model": "books.booksubmission", "pk": "21955a15-0dfd-4e1e-9425-7bd5b89a8f64", "fields": {"name": "VIDHYA Sekar", "email": "yathvikasri44@gmail.com", "contact": "08838233471", "book_title": "IGAL", "description": "DFYHRTFHUFGTJ", "file": "media/book_submissions/இகல_sa00ge", "status": "pending", "created_at": "2026-03-16T07:07:06.210Z", "updated_at": "2026-03-16T07:07:06.210Z"}}, {"model": "books.booksubmission", "pk": "39ad8019-6009-4fdf-8daf-7d99cf33b388", "fields": {"name": "Sankar V", "email": "sankarvengadesan1909@gmail.com", "contact": "7548802582", "book_title": "Aaaaa", "description": "Zidhdlsssiandhdhe", "file": "", "status": "pending", "created_at": "2026-03-31T07:33:49.193Z", "updated_at": "2026-03-31T07:33:49.193Z"}}, {"model": "books.booksubmission", "pk": "98aa3a73-7717-45f2-a1b3-0d0deab04861", "fields": {"name": "VIDHYA Sekar", "email": "yathvikasri44@gmail.com", "contact": "08838233471", "book_title": "IGAL", "description": "DFYHRTFHUFGTJ", "file": "media/book_submissions/இகல_d5btlx", "status": "pending", "created_at": "2026-03-16T07:07:39.270Z", "updated_at": "2026-03-16T07:07:39.270Z"}}, {"model": "authors.author", "pk": "02399889-ace2-47fc-aec7-8e9357244492", "fields": {"name": "ஆ. கோகிலப்பிரியா", "biography": "நான் ஆ. கோகிலப்பிரியா.\r\nஈரோடு வேளாளர் கல்வியியல் கல்லூரியில்\r\nமுதலாம் ஆண்டு பயின்று வருகிறேன்.\r\n\r\n“இந்த ‘குயிலின் குறிப்புகள்’ வெறும் காகிதத் தொகுப்பு அல்ல; என் ஆன்மாவின் குரலும் சமயுகமான சொந்தப் படைப்பும் ஆகும். இதில் நான் செதுக்கியுள்ள ஒவ்வொரு வரியும், நான் கடந்து வந்த தீவிரமான வலியும் வேதனைகளும் கொண்ட நேரடி சாட்சிகளாகும்.\r\n\r\nஉலகில் வலிகள் எத்தனை விதம்! ஆனால் என்னைச் சுற்றியுள்ள மற்றவர்களின் துயரங்களைப் பார்க்கும்போது, “என் வலி எவ்வளவோ பரவாயில்லை” என்று என்னைத் தேற்றிக்கொண்டு ஒவ்வொரு நாளையும் கடக்கிறேன். இந்தப் புத்தகத்தின் ஒவ்வொரு பக்கத்திலும் என் கண்ணீரின் ஈரம் படிந்திருக்கிறது.\r\n\r\nபெற்றோர் எனும் இரு பெரும் தூண்களை இழந்து, ஆதரவற்ற நிலையில் நின்றாலும், என் நம்பிக்கையைத் தூணாகக் கொண்டு மீண்டு வந்திருக்கிறேன். அந்தத் தூண்கள் இல்லாத வெற்றிடத்தை என் கவிதை இறக்கைகளால் நிரப்பியிருக்கிறேன்.\r\n\r\nஇன்று என் திறமைகளை இந்த நூல் வடிவில் உலகிற்குத் திறந்து காட்டுகிறேன்.”", "photo": "media/authors/gokilapriya_yvmenl", "email": "", "mobile_number": "", "social_links": {}, "created_at": "2026-03-15T10:31:53.731Z", "updated_at": "2026-03-16T05:13:19.324Z"}}, {"model": "authors.author", "pk": "3783b432-f904-42de-9ef7-0bfed5b722e8", "fields": {"name": "barathi", "biography": "", "photo": "", "email": "", "mobile_number": "", "social_links": {}, "created_at": "2026-03-31T16:17:24.823Z", "updated_at": "2026-03-31T16:17:24.823Z"}}, {"model": "authors.author", "pk": "3d3558d6-6ca0-4e4b-b644-1dac36a695f8", "fields": {"name": "வீர. மணியரசு", "biography": "எனது இந்த சிறுகமதத் வதொகுப்பின் தமைப்பு \r\n'இகல்’ இதன் வபொருள் எல்ைொ உயிர்களிடமும் பமகயிமன \r\nவளர்க்கும் பண்பட்ட தநொயிமன ‘இகல்’ என்று அறிஞர்கள் \r\nக\r\nூறுவர். திருக்குறளின் 86 வது அதிகொரத்தில் இப்படியொன \r\nவ\r\nிளக்கம் உள்ளது.இந்த சிறுகமதகமள வொசிக்கும்வபொழுது \r\n'இகல்' தமைப்புக்கொன கொரணத்மத நீங்கள் உணரைொம். \r\nச\r\nிறுகமதகள் வர வதொடங்கி நூற்றொண்மட \r\nகடந்துவிட்ட தபொதிலும் தமிழில் நல்ை சிறுகமதகள் \r\nவருவது இன்னும் குமறயவில்மை. தமிழ் இைக்கியத்தில் \r\nநல்ை பை சிறுகமதகள் வந்துள்ளன. நொன் சிறுகமதகள் \r\nஎழுத ஆரம்பித்தது 80 களில் தொன் பைமரப் தபொை நொனும் \r\nவஜயகொந்தனின் சிறுகமதகமள படித்துதொன் சிறுகமதகள் \r\nஎழுத ஆரம்பித்ததன். மற்றும் எழுத்தொளர்கள் சுஜொதொ, \r\nசமுத்திரம், பொைகுமொரன், சொண்டீைன், அனுரொதொரமணன், \r\nபட்டுக்தகொட்மட பிரபொகர், ரொதஜஷ்குமொரின் சிறுகமதகள் \r\nசமீபத்தில் எழுத்தொளர் இமமயம் அவர்களின் நொவல்கள் \r\nச\r\nிறுகமதகள் அமனத்தும் பிடிக்கும் நொன் முதல் சிறுகமத \r\nஎழுத ஆரம்பிக்கும்வபொழுது அமத படித்துவிட்டு \r\nநன்றொகயிருப்பதொக நண்பர்’ ‘முருகமணியும்’, எனது \r\nஒன்றுவிட்ட சதகொதரர் மமறந்த ‘ரொமச்சந்திரன்'ஆகிய \r\nஇருவரும் தொன் வதொடர்ந்து என்மன எழுத தூண்டினொர்கள். \r\nஅதனொல் தொன் நொன் வதொடர்ந்து எழுத ஆரம்பித்ததன். எனது \r\nம\r\nுதல் சிறுகமத 'ஒரு கனதவ கொயமொனது' சிறுகமததொன் \r\nகமததயொ கவிமததயொ யொர் எழுத வதொடங்கினொலும் எது \r\nஎழுதினொலும் அது கொதமை மமயமொக மவத்து \r\nஎழுதியதொகத்தொனிருக்கும் நொன் எழுதியதும் கனதவ ஒரு \r\nகொயமொனதும் கொதல் கமததொன", "photo": "media/authors/maniarasu_s3qjuz", "email": "", "mobile_number": "", "social_links": {}, "created_at": "2026-03-16T05:40:55.219Z", "updated_at": "2026-03-16T05:40:55.219Z"}}, {"model": "authors.author", "pk": "491eabf3-e848-4233-a18b-97888b487672", "fields": {"name": "வே.விசாக்", "biography": "என்னுள் பதிந்திருந்த வார்த்தைகளுக்கு உயிர் கொடுத்து கவிதையாக வளர்த்துள்ளேன். என் வாழ்க்கையில் நிறைந்த சில நிகழ்வுகளையும், என்னைச் சுற்றி நிகழ்ந்த சில நிகழ்வுகளின் தொகுப்பாகவே நான் இந்தக் கவிதைப் புத்தகத்தை படைத்துள்ளேன்.\r\n\r\n“கவிதை பால் கொண்ட காதலால்” இந்தக் கவிதைப் புத்தகத்தை எழுதத் தொடங்கி, “காதல் பால் கொடுத்த கவிதையாக” மாறிவிட்டது இந்தப் புத்தகம். என் வாழ்க்கையில் காதல் வழிகளையும், காதலின் வலிகளையும் இணைத்து இந்தக் கவிதைப் புத்தகத்தை படைத்துள்ளேன்.\r\n\r\nவாழ்வில் அனைவருக்கும் சில மாற்றங்கள் உண்டாகும். அதைப் போலத்தான் என்னுள் ஏற்பட்ட மாற்றங்களால் இந்தப் புத்தகம் தொகுக்கப்பட்டுள்ளது. இந்தப் புத்தகத்தை என்னைப் போன்ற காதலர்களுக்கும், தன் காதலை சொல்லத் தவிக்கும் ஒருதலைக் காதலுக்கும், என் மனதிற்கும், என் மனம் அறிந்த என் மனதிற்கும் இந்தக் கவிதையைச் சமர்ப்பணம் செய்கிறேன்.\r\n\r\nஇந்த நூலிற்கு நெஞ்சம் நெகிழும் வண்ணம் அணிந்துரையை அளித்த மதிப்பிற்குரிய ஐயா தமிழ்மகன் ப. இளங்கோ அவர்களுக்கும், மேலும் வாழ்த்துரையை வழங்கிய நல்லாசிரியர் விருது பெற்ற தலைமை ஆசிரியர் கூத்தப்பாடி மா. பழனி ஐயா அவர்களுக்கும், இந்தப் புத்தகம் வெளிவர பெரிதும் உறுதுணையாக இருந்த எம் துறைத் தலைவர் நா. நாகராஜ் ஐயா அவர்களுக்கும் என் சிரம் தாழ்ந்த நன்றியை உரித்தாக்கி மகிழ்கிறேன்.\r\n\r\nமேலும், இப்புத்தகத்தை வடிவமைத்து வெளியிட உறுதுணையாக இருந்த கவிதேடல் பதிப்பகம் மற்றும் அதன் உரிமையாளர் திரு. கோகுல் காளியப்பன் ஐயா அவர்களுக்கும் மனமார்ந்த நன்றிகளை தெரிவித்துக் கொள்கிறேன்.", "photo": "media/authors/visak_bjasod", "email": "", "mobile_number": "", "social_links": {}, "created_at": "2026-03-15T09:58:10.566Z", "updated_at": "2026-03-16T05:15:23.544Z"}}, {"model": "authors.author", "pk": "515aa1bd-e0d5-4097-9c7d-1944ce621c30", "fields": {"name": "பாரதி பிரவீன்", "biography": "புதுக்கோட்டை மாவட்டம், பொன்னமராவதி தாலுகாவில் உள்ள வாரப்பட்டு என்ற ஒரு சிறிய கிராமத்தில், 22.06.2005 அன்று பிறந்த ஒரு குழந்தை தான் நான்.\r\n\r\nஎங்கள் குடும்பம் அதிக வசதிகள் கொண்ட குடும்பம் அல்ல. ஒரு நடுத்தர வாழ்க்கை நிலையை கொண்ட குடும்பம். சிறு வயதிலேயே குடும்பத்தின் கஷ்டங்களை பார்த்து வளர்ந்தவன் நான்.\r\n\r\nஎனக்கு பாராட்டு பெறுவது மிகவும் பிடிக்கும். ஆனால் அந்த பாராட்டு என்னை அவ்வளவு சீக்கிரம் வந்து சேரவில்லை. பள்ளிப் படிப்பு படிக்கும் காலத்தில்தான் என்னிடம் பாராட்டு மழை வரத் தொடங்கியது. ஆனால் அந்த பள்ளிப் படிப்பை கூட முழுமையாக முடிக்க முடியாத நிலை ஏற்பட்டது.\r\n\r\nபிறகு கிடைத்த வேலைகளை ஏற்றுக்கொண்டு, இயல்பான வாழ்க்கையை வாழும் இளைஞனாக வாழ்ந்து கொண்டிருந்தபோது, என் மனதில் பல கேள்விகள் எழத் தொடங்கின.\r\n“உனக்கு திறமை இருக்கிறதா இல்லையா?”\r\n“உன்னுடைய திறமை என்ன?”\r\n“பாராட்டை அதிகம் விரும்பிய நீ இப்போது பாராட்டைப் பற்றி நினைக்காமல் இருப்பது ஏன்?”\r\n\r\nபோன்ற எண்ணற்ற கேள்விகள் என்னுள் தோன்றின. இவற்றுக்கு பதில் தெரியாமல் மனக்குழப்பத்தோடு வாழ்ந்து வந்தேன்.\r\n\r\nஅப்போது என் நண்பன் மூலமாக என்னுள் இருந்த திறமை வெளிப்பட்டது.\r\n“உனக்கு கவிதை எழுத வரும் என்று எனக்கு தெரியும்” என்று என் நண்பன் கூறியபோது, அதன்மேல் எனக்கும் நம்பிக்கை வரத் தொடங்கியது.\r\n\r\nசில கவிதைகள் எழுதி என் நண்பனுக்கு அனுப்பினேன். அதை பார்த்து அவன் மெய்சிலிர்க்க, அப்படித்தான் எனக்கும் கவிதைக்கும் உள்ள பந்தம் ஆரம்பமானது.\r\n\r\nசில கவிதைகள் எழுதிய நான், பின்னர் பல கவிதைகள் எழுதத் தொடங்கினேன். நான் எழுதிய பல கவிதைகள் என்னையே வியக்க வைத்தன.\r\n\r\nஇந்த கவிதைகளை ஒரு புத்தகமாக வெளியிடலாம் என்ற எண்ணம் என்னுள் தோன்றியது. அதனால் தான் இந்த புத்தகத்தை வடிவமைத்துள்ளேன்.\r\n\r\nஇந்த புத்தகத்தில் நமக்கு நெருக்கமான உறவுகள் பற்றியும், நம் வாழ்க்கையின் ஏக்கங்கள் பற்றியும், மனிதராக பிறந்தால் கண்டிப்பாக உணர வேண்டிய காதல் பற்றியும், நாம் வாழும் சமூகத்தை பற்றியும் பல கவிதைகள் இடம்பெற்றுள்ளன.\r\n\r\nஇந்த புத்தகத்தில் உள்ள ஒரு வரியாவது ஒருவரின் மனதை தொட்டுவிட்டால், அதைவிட பெரிய வெற்றி எனக்கு வேறு எதுவும் இல்லை.", "photo": "media/authors/praveen_psipgu", "email": "", "mobile_number": "", "social_links": {}, "created_at": "2026-03-16T05:49:40.866Z", "updated_at": "2026-03-16T05:49:40.866Z"}}, {"model": "authors.author", "pk": "9e89c508-37b0-4ae7-83e3-643ac6f611e8", "fields": {"name": "ஷாலினி கலியபெருமாள்", "biography": "என் பெயர் லிஷா என்கிற ஷாலினி காளியப்பெருமாள்.\r\nநான் இந்திரா கணேசன் கலை மற்றும் அறிவியல் கல்லூரியில் வணிகவியல் துறையில் பட்டம் முடித்துவிட்டு, தற்போது ஈரோடு சட்டக் கல்லூரியில் படித்து வருகிறேன்.\r\n\r\nதஞ்சாவூர் மாவட்டம், பாபநாசம் வட்டம், உம்பளப்பாடி என்ற ஒரு சிறிய கிராமத்தில் வசித்து வரும் சி. காளியப்பெருமாள் மற்றும் க. மதஸ்வரி ஆகியோருக்கு பிறந்த ஒரு விவசாயியின் மகள் என்று நான் பெருமையுடன் கூறுகிறேன்.\r\n\r\nஎனக்கு மகாலட்சுமி காளியப்பெருமாள் என்ற ஒரு சகோதரி உள்ளாள்.\r\n\r\nஎங்கோ ஒரு ஓரமாக சுவடு தெரியாமல் வாழ்ந்து கொண்டிருந்த எனக்கு, முகவரி கொடுத்து என் காதல் வரிகளை நேசித்துக் கொண்டிருக்கும் எனது முகநூல் நண்பர்களும் கவிஞர்களும் அனைவருக்கும், மேலும் என்னை படைத்த இறைவனுக்கும் என் நன்றியை காணிக்கையாக்குகிறேன்.\r\nஎனது கவிதைகள் வெறும் காகிதங்களில் மட்டுமே இருந்து விடக்கூடாது என்ற என் உணர்வுகளை உடைத்து, “நானும் ஒரு கவிஞர் தான்” என்று இந்த உலகிற்கு என்னை அறிமுகப்படுத்திய சங்கீதா அம்மா அவர்களுக்கும், என்னை கவிதை எழுதத் தூண்டிய யாமிதோஷா நிஷா அவர்களுக்கும் என் மனமார்ந்த நன்றியை தெரிவித்துக் கொள்கிறேன்.\r\n\r\nமேலும், எனது கவிதைப் படைப்பிற்கு உறுதுணையாக இருந்த சகோதரர் கவிஞர் ஆ. தரணீஷ், மூன்றாம் ஆண்டு – தகவல் தொழில்நுட்பத் துறை, கொங்கு கலை அறிவியல் கல்லூரி, ஈரோடு அவர்களுக்கும் என் நன்றியை தெரிவித்துக் கொள்கிறேன்.\r\n\r\nஅதேபோல் எனது பெற்றோர், என் சகோதரி மற்றும் என் தோழிகள் அனைவருக்கும் என் நன்றிகள்.\r\n\r\nஇரவு பகல் பாராமல் என்னுடன் இருந்து, என் தவறுகளைச் சுட்டிக் காட்டி, எனது கவிதைத் தொகுப்பின் அழகை மேலும் மெருகூட்டி, உறுதுணையாக இருந்து ஊக்கம் அளித்த கா. வெந்த் (Bawa) அவர்களுக்கும் என் நன்றியைத் தெரிவித்துக் கொள்கிறேன்.\r\n\r\nஎல்லாவற்றிற்கும் மேலாக, என்னுள் இருந்து என்னை வழிநடத்தும் என் மனத்தின் நாயகனுக்கு இந்த வரிகளை சமர்ப்பணம் செய்கிறேன்.", "photo": "media/authors/shalini_pkwb4h", "email": "", "mobile_number": "", "social_links": {}, "created_at": "2026-03-16T05:24:14.974Z", "updated_at": "2026-03-16T05:26:34.976Z"}}, {"model": "authors.author", "pk": "adfe7c91-da02-4d34-a181-94c3781489bb", "fields": {"name": "ஹேமலதா கோ", "biography": "நான் ஹேமலதா கோ, மூன்றாம் ஆண்டு உயிர்வேதியியல் துறை, கொங்கு கலை அறிவியல் கல்லூரியில் பயின்று வருகிறேன்.\r\n\r\nநூல்களால் சேர்ந்த ஆடையைப் போல என் வாழ்க்கையில் அமைந்தவற்றை எழுத்தின் வடிவமாக என் புத்தகம் “காற்றில் கரைந்தவை” வெளிப்படுத்துகிறது. தந்தை, தாயின் அரவணைப்பில், காதலின் வடிவத்தில், என் மனத்தின் மெல்லிய உணர்வுகளைத் தொட்டு, நட்பின் கூட்டில் தோழியின் சிறகுகளாய் விரிந்துள்ளது இந்தப் படைப்பு.\r\n\r\nஎன்னுடைய எண்ணங்களுக்கு முதன்மைத் தளமாகத் திகழ்ந்து, எழுத்தின் வடிவமைப்புக்கும் சிறப்புக்கும் முதல் படியாகத் திகழ்கிறது. என்னை இவ்வளவு அழகாகச் சிற்பமாக வடிவமைத்த கவிதை தனித்த அழகைக் கொண்டது.\r\n\r\nதென்றலின் நினைவுகளைத் தொட்டு இசையாக ஒலிக்கும் என் மனத்தின் படைப்பாக இது உருவானது.", "photo": "media/authors/hemalatha_n0qfza", "email": "", "mobile_number": "", "social_links": {}, "created_at": "2026-03-15T09:01:43.546Z", "updated_at": "2026-03-16T05:15:36.912Z"}}, {"model": "authors.author", "pk": "ae380eef-23a9-478c-a3f1-f0758964df3c", "fields": {"name": "வே. லிபிகா", "biography": "நான் லிபிகா வே.\r\nமூன்றாம் ஆண்டு உயிர்வேதியியல் துறை, கொங்கு கலை மற்றும் அறிவியல் கல்லூரியில் பயின்று வருகிறேன்.\r\n\r\nகண் இமைகள் மூடாமல் உறக்கம் இல்லை என்பதுபோல், அவன் நினைவுகள் இல்லாமல் நான் இல்லை என்பதே என் புத்தகம் “இருவிழி நினைவுகள்”.\r\n\r\nஒரு பெண்ணின் மனதில் ஆழத்தின் உள்ளளங்கள் பல விதமாக பதிந்து கிடக்கும். மண்ணிற்கும் மணம் இருப்பதுபோல், அவளுக்கும் அவள் உணர்வுகளில் ஒரு தனித்துவமான மணம் இருக்கிறது.\r\n\r\nஅவள் கண்ட காட்சிகளை, அவள் கண்களில் பதிந்த நினைவுகளை, மெல்லிய உணர்வுகளால் வடிவமைத்து, நினைவுகளின் ஓவியமாக உருவாக்கியதே இந்தப் புத்தகம்.", "photo": "media/authors/libika_prp0cu", "email": "", "mobile_number": "", "social_links": {}, "created_at": "2026-03-16T05:34:40.649Z", "updated_at": "2026-03-16T05:34:40.649Z"}}, {"model": "authors.author", "pk": "e049f189-f062-4a9e-a411-ea54899b48e3", "fields": {"name": "ஆ. தரணிஷ்", "biography": "நான் கவிஞர் ஆ. தரணீஷ்.\r\nஈரோடு கொங்கு கலை அறிவியல் கல்லூரியில் தகவல் தொழில்நுட்பத் துறையில் மூன்றாம் ஆண்டு மாணவராக கல்வி பயின்று வருகிறேன். கல்வியுடன் இணைந்து, தமிழ் மொழியின் வளர்ச்சியை என் வாழ்க்கையின் முக்கிய நோக்கமாகக் கொண்டு செயல்பட்டு வருகிறேன்.\r\n\r\nதமிழ் மொழி வெறும் பேசும் மொழி அல்ல; அது ஒரு பண்பாடு, ஒரு உணர்வு, ஒரு அடையாளம் என்ற உறுதியுடன், தமிழ் எழுச்சி மன்றத்தின் தலைவராகப் பொறுப்பேற்று, தமிழ் சார்ந்த விழிப்புணர்வு நிகழ்வுகள், பண்பாட்டு நடவடிக்கைகள் மற்றும் சமூக செயல்பாடுகளில் செயல்பாட்டுடன் ஈடுபட்டு வருகிறேன்.\r\n\r\nமாணவர்களிடையே தமிழ் மொழிப் பற்றையும், எழுத்தின் மதிப்பையும் வளர்க்கும் முயற்சிகளில் தொடர்ந்து செயலாற்றுவது என் எழுத்துப் பயணத்தின் ஒரு பகுதியாகும்.\r\n\r\nஎழுத்து என் உள்ளத்தின் மொழி.\r\nபேனா என் எண்ணங்களின் வழிகாட்டி.\r\nகற்பனையே என் படைப்பின் உயிர்.\r\n\r\nநான் இதுவரை இரண்டு நூல்களை எழுதி வெளியிட்டுள்ளேன்.\r\n\r\nமுதல் புத்தகம் – “எண்ணமும் எழுத்தும்”\r\nஎன் வாழ்க்கையில் நடந்த சில நிகழ்வுகளை எழுத்தின் வடிவமாக மாற்றி உருவான தொகுப்பாகும்.\r\nஇரண்டாவது புத்தகம் – “நிலையின் மொழி – முதல் பாகம்”\r\nஎன் கற்பனைகளில் பிறந்த நினைவுகளை கவிதைகளாகப் பகிர்ந்த நூலாகும். (28 செப்டம்பர் 2025 – தருமபுரி புத்தகத் திருவிழாவில் வெளியீடு)\r\n\r\nநான் தொகுப்பு ஆசிரியராக வெளியிடும் மூன்றாவது நூல் “உணர்வுகளின் சமூகம்”. இந்த நூலில் 57 கவிஞர்களின் படைப்புகளை இணைத்து உருவாக்கியுள்ளேன்.\r\n\r\nமேலும், ஒரே மேடையில் வெளியிடப்பட உள்ள இரண்டு நூல்கள்:\r\n“உணர்வுகளின் சமூகம்” (57 கவிஞர்கள் இணைந்த தொகுப்பு) மற்றும்\r\n“அவள் எழுதி விட்டுச் சென்ற பக்கம்” (என் தனிநூல்).\r\n\r\nஇந்நூலில் இடம்பெற்றுள்ள எழுத்துக்கள் அனைத்தும் கற்பனையின் வெளிப்பாடுகளே. இங்கு வரும் “அவள்” என்பவள் பெயரற்ற நினைவு. அவளை யாரென அடையாளப்படுத்த வேண்டிய அவசியமில்லை. அவள் என் கற்பனையின் எழுத்தாகவும், என் நினைவின் மலராகவும் இந்தப் பக்கங்களில் உயிர்ப்புடன் வாழ்கிறாள். அவள் அவளாகவே இருக்கட்டும்.\r\n\r\nமேலும், “உள்ளுக்குள் ஓடும் கண்ணீர்” என்ற என் தொகுப்பு நூல் என் ஐந்தாவது நூலாக விரைவில் வெளியிடப்படும் என்பதை மகிழ்ச்சியுடன் தெரிவித்துக் கொள்கிறேன்.", "photo": "media/authors/tharaneesh_yqdoap", "email": "", "mobile_number": "", "social_links": {}, "created_at": "2026-03-15T10:47:13.347Z", "updated_at": "2026-03-16T05:14:57.045Z"}}, {"model": "authors.author", "pk": "e87984dc-41f6-4ff3-8313-f0a54f031db1", "fields": {"name": "பா. மணிகண்டன்", "biography": "மழலை முதல் காலை” என்னும் நூலானது மற்றவர்களின் வாழ்க்கை வரலாற்றைப் படிக்க ஆவலாக இருக்கும் அனைவரும் வாசிக்கக்கூடிய ஒரு அருமையான நூல்.\r\n\r\nமுந்தைய நூல்களுக்கு நீங்கள் வழங்கிய ஆதரவுபோல, இந்த நூலுக்கும் உங்கள் ஆதரவு மிகவும் அவசியமானது.\r\n\r\nஒவ்வொரு நூலும் வெளிவரும் போது, அந்த நூல் வெளிவரக் காரணமாக இருந்தவர்களை நினைவுகூருவது சிறந்ததாகும். அந்த அடிப்படையில், இந்த நூல் வெளிவரக் காரணமாக இருந்த என்னுடைய பெற்றோர்களான பழனிமுத்து, பாப்பு, மற்றும் சகோதரிகளான அம்மு (அமிர்தவல்லி), பவித்ரா ஆகியோருக்கும் என் நன்றியைத் தெரிவித்து கொள்கிறேன்.\r\n\r\nநான் பணியாற்றும் பெரியார் பல்கலைக்கழகத்தின் வேந்தர், இணைவேந்தர், துணைவேந்தர், பதிவாளர், புல முதன்மையர்கள், பேராசிரியர்கள் மற்றும் மாணவர்கள் உள்ளிட்ட அனைவருக்கும் என் நன்றியைத் தெரிவித்துக் கொள்கிறேன்.\r\n\r\nஇந்த நூல் வெளிவருவதற்கு மிகவும் முக்கிய காரணமாக இருந்தவர்கள் யார் என்றால், “இயல்பின் இளவரசி” எனும் தோழியும், கவித்தேடல் பதிப்பகத்தின் நிறுவனர் தோழர் கோகுல் அவர்களும் ஆவர். அவர்களுக்கும் இந்த நேரத்தில் என் நன்றியை உரித்தாக்குகிறேன்.\r\n\r\nஎன்னுடைய இந்த “மழலை முதல் காலை” என்னும் நூலுடன் சேர்த்து, இது எனது பதினாறாவது நூலாக வெளிவருகிறது. எனக்கு மிகுந்த அளவில் துணை நின்ற கவித்தேடல் பதிப்பகத்திற்கு என் நெஞ்சார்ந்த நன்றிகளைத் தெரிவித்துக் கொள்கிறேன்.", "photo": "media/authors/manigandan_bemzdn", "email": "", "mobile_number": "", "social_links": {}, "created_at": "2026-03-15T10:41:21.561Z", "updated_at": "2026-03-16T05:15:10.256Z"}}, {"model": "testimonials.testimonial", "pk": "465002d2-9318-4220-a9ab-209907511e34", "fields": {"name": "Karthik", "email": "karthick126sk@gmail.com", "role": "reader", "message": "Good", "rating": 5, "status": "approved", "has_video": false, "video_type": "none", "video_url": "", "video_file": "", "photo": "", "created_at": "2026-03-16T04:28:52.248Z", "updated_at": "2026-03-16T07:02:01.672Z"}}, {"model": "testimonials.testimonial", "pk": "6689bad8-52ed-4c73-8dbe-efede3c5eae6", "fields": {"name": "poem", "email": "vidhyasekar44@gmail.com", "role": "reader", "message": "fuyigubuyo8uinkmvhjv", "rating": 5, "status": "approved", "has_video": true, "video_type": "youtube", "video_url": "https://www.youtube.com/watch?v=z5_klHXYZS4&list=RDz5_klHXYZS4&start_radio=1", "video_file": "", "photo": "media/testimonials/photos/WhatsApp_Image_2026-03-02_at_2.08.18_PM_1_t6jcxk", "created_at": "2026-03-15T02:01:30.360Z", "updated_at": "2026-03-15T04:20:34.689Z"}}, {"model": "testimonials.testimonial", "pk": "6aa4705a-6a34-455a-b052-8875ef8e4154", "fields": {"name": "Karthik", "email": "karthick126sk@gmail.com", "role": "reader", "message": "Good", "rating": 5, "status": "pending", "has_video": false, "video_type": "none", "video_url": "", "video_file": "", "photo": "", "created_at": "2026-03-16T04:28:03.894Z", "updated_at": "2026-03-16T04:28:03.894Z"}}, {"model": "contests.contest", "pk": 1, "fields": {"title": "bxrdtfhjvhj", "description": "vyfuygtuigkjbjkhtstytfkvn", "deadline": "2026-03-26T06:30:00Z", "prize_details": "vjyfygkb", "rules": "gjfiyrygkj m xrsfhlkn", "banner_image": "media/contests/banners/WhatsApp_Image_2026-03-02_at_2.08.18_PM_1_toq8nc", "start_date": "2026-03-15T02:04:25Z", "is_active": true, "created_at": "2026-03-15T02:04:47.407Z", "updated_at": "2026-03-15T04:20:01.572Z"}}, {"model": "orders.order", "pk": "192e7fc5-df13-489f-9a32-2c99fe4a9401", "fields": {"user": "10b73889-af6a-4384-98f0-2dd11e9bd7cb", "book": "dfc1b6af-ebf3-413c-a31d-60b005f24e3e", "order_type": "physical", "quantity": 1, "book_price": "180.00", "delivery_charge": "40.00", "total_price": "220.00", "status": "processing", "payment_status": "pending", "delivery_status": "pending", "full_name": "nithya", "email": "sam@gmail.com", "phone": "08838233471", "shipping_address": "Bengaluru", "shipping_city": "Bengaluru, Karnataka, India", "shipping_state": "Karnataka", "shipping_pincode": "560100", "delivery_zone": null, "estimated_delivery_date": "2026-04-07", "tracking_number": "", "razorpay_order_id": "kv-ph-192e7fc5df13489f9a32", "razorpay_payment_id": "", "transaction_id": "", "ordered_at": "2026-03-31T15:41:52.218Z", "updated_at": "2026-03-31T15:41:52.218Z"}}, {"model": "orders.order", "pk": "1a20ccbb-4d6a-4100-81cf-5ac4fb4af052", "fields": {"user": "7df8ace3-a172-4ebf-840d-6e54bd927580", "book": "dfc1b6af-ebf3-413c-a31d-60b005f24e3e", "order_type": "physical", "quantity": 1, "book_price": "180.00", "delivery_charge": "40.00", "total_price": "220.00", "status": "processing", "payment_status": "pending", "delivery_status": "pending", "full_name": "Sankar V ", "email": "sankarvengadesan1909@gmail.com", "phone": "7548802582", "shipping_address": "Theerthamalai ", "shipping_city": "Harur", "shipping_state": "Tamilnadu", "shipping_pincode": "636906", "delivery_zone": null, "estimated_delivery_date": "2026-04-03", "tracking_number": "", "razorpay_order_id": "kv-ph-1a20ccbb4d6a410081cf", "razorpay_payment_id": "", "transaction_id": "", "ordered_at": "2026-03-31T16:22:06.395Z", "updated_at": "2026-03-31T16:22:06.395Z"}}, {"model": "orders.order", "pk": "586b1e0b-a8a7-4a90-b6e8-bfec93ff446f", "fields": {"user": "10b73889-af6a-4384-98f0-2dd11e9bd7cb", "book": "987ba146-d780-4fd0-abb8-f847ee1be313", "order_type": "physical", "quantity": 1, "book_price": "1.00", "delivery_charge": "40.00", "total_price": "41.00", "status": "processing", "payment_status": "pending", "delivery_status": "pending", "full_name": "nithya", "email": "sam@gmail.com", "phone": "08838233471", "shipping_address": "krishnagiri", "shipping_city": "Bengaluru, Karnataka, India", "shipping_state": "tamilnadu", "shipping_pincode": "635112", "delivery_zone": null, "estimated_delivery_date": "2026-04-07", "tracking_number": "", "razorpay_order_id": "kv-ph-586b1e0ba8a74a90b6e8", "razorpay_payment_id": "", "transaction_id": "", "ordered_at": "2026-03-31T16:35:37.347Z", "updated_at": "2026-03-31T16:35:37.347Z"}}, {"model": "orders.order", "pk": "6164e8b8-9d04-4a81-83d0-b682c0176933", "fields": {"user": "10b73889-af6a-4384-98f0-2dd11e9bd7cb", "book": "dfc1b6af-ebf3-413c-a31d-60b005f24e3e", "order_type": "physical", "quantity": 1, "book_price": "180.00", "delivery_charge": "40.00", "total_price": "220.00", "status": "processing", "payment_status": "pending", "delivery_status": "pending", "full_name": "nithya", "email": "sam@gmail.com", "phone": "08838233471", "shipping_address": "krishnagiri", "shipping_city": "Bengaluru, Karnataka, India", "shipping_state": "Karnataka", "shipping_pincode": "560100", "delivery_zone": null, "estimated_delivery_date": "2026-04-07", "tracking_number": "", "razorpay_order_id": "kv-ph-6164e8b89d044a8183d0", "razorpay_payment_id": "", "transaction_id": "", "ordered_at": "2026-03-31T16:15:48.742Z", "updated_at": "2026-03-31T16:15:48.742Z"}}, {"model": "orders.order", "pk": "7d902754-c11a-4393-abb8-bbcb63702c60", "fields": {"user": "10b73889-af6a-4384-98f0-2dd11e9bd7cb", "book": "f0b53b3b-172e-4b87-92e8-c3fd8c6adcf3", "order_type": "physical", "quantity": 1, "book_price": "170.00", "delivery_charge": "40.00", "total_price": "210.00", "status": "processing", "payment_status": "pending", "delivery_status": "pending", "full_name": "nithya", "email": "sam@gmail.com", "phone": "08838233471", "shipping_address": "krishnagiri", "shipping_city": "Krishnagiri", "shipping_state": "Tamilnadu", "shipping_pincode": "635112", "delivery_zone": null, "estimated_delivery_date": "2026-04-07", "tracking_number": "", "razorpay_order_id": "kv-ph-7d902754c11a4393abb8", "razorpay_payment_id": "", "transaction_id": "", "ordered_at": "2026-03-31T14:54:18.232Z", "updated_at": "2026-03-31T14:54:18.232Z"}}, {"model": "orders.order", "pk": "84d14334-1a36-47c4-8fa6-8c03c854134f", "fields": {"user": "7df8ace3-a172-4ebf-840d-6e54bd927580", "book": "c0dc16e7-3ce5-4327-bf9d-6082e94469b5", "order_type": "physical", "quantity": 1, "book_price": "150.00", "delivery_charge": "40.00", "total_price": "190.00", "status": "processing", "payment_status": "pending", "delivery_status": "pending", "full_name": "Sankar V", "email": "sankarvengadesan1909@gmail.com", "phone": "09445742500", "shipping_address": "2/517, santhanur medu (vill),Thippireddihalli(post)\nDharmapuri (to&Dt)", "shipping_city": "Dharmapuri", "shipping_state": "TAMIL NADU", "shipping_pincode": "635301", "delivery_zone": null, "estimated_delivery_date": "2026-04-07", "tracking_number": "", "razorpay_order_id": "kv-ph-84d143341a3647c48fa6", "razorpay_payment_id": "", "transaction_id": "", "ordered_at": "2026-03-31T10:58:08.887Z", "updated_at": "2026-03-31T10:58:08.887Z"}}, {"model": "orders.order", "pk": "8ee4a9f1-db02-4228-b691-4e8fdcd7e583", "fields": {"user": "10b73889-af6a-4384-98f0-2dd11e9bd7cb", "book": "dfc1b6af-ebf3-413c-a31d-60b005f24e3e", "order_type": "physical", "quantity": 1, "book_price": "180.00", "delivery_charge": "40.00", "total_price": "220.00", "status": "processing", "payment_status": "pending", "delivery_status": "pending", "full_name": "nithya", "email": "sam@gmail.com", "phone": "08838233471", "shipping_address": "krishnagiri", "shipping_city": "Bengaluru, Karnataka, India", "shipping_state": "Karnataka", "shipping_pincode": "560100", "delivery_zone": null, "estimated_delivery_date": "2026-04-07", "tracking_number": "", "razorpay_order_id": "kv-ph-8ee4a9f1db024228b691", "razorpay_payment_id": "", "transaction_id": "", "ordered_at": "2026-03-31T15:59:43.301Z", "updated_at": "2026-03-31T15:59:43.301Z"}}, {"model": "orders.order", "pk": "9d42c4a6-ac48-45a8-8783-161b00ebfbfe", "fields": {"user": "7df8ace3-a172-4ebf-840d-6e54bd927580", "book": "f0b53b3b-172e-4b87-92e8-c3fd8c6adcf3", "order_type": "physical", "quantity": 1, "book_price": "170.00", "delivery_charge": "40.00", "total_price": "210.00", "status": "processing", "payment_status": "pending", "delivery_status": "pending", "full_name": "Sankar V ", "email": "sankarvengadesan1909@gmail.com", "phone": "7548802582", "shipping_address": "Theerthamalai ", "shipping_city": "Harur", "shipping_state": "Ta", "shipping_pincode": "636906", "delivery_zone": null, "estimated_delivery_date": "2026-04-03", "tracking_number": "", "razorpay_order_id": "kv-ph-9d42c4a6ac4845a88783", "razorpay_payment_id": "", "transaction_id": "", "ordered_at": "2026-03-31T14:04:19.570Z", "updated_at": "2026-03-31T14:04:19.570Z"}}, {"model": "orders.order", "pk": "e1332872-dc25-469f-9572-a99f1f3c8acf", "fields": {"user": "10b73889-af6a-4384-98f0-2dd11e9bd7cb", "book": "f0b53b3b-172e-4b87-92e8-c3fd8c6adcf3", "order_type": "physical", "quantity": 1, "book_price": "170.00", "delivery_charge": "40.00", "total_price": "210.00", "status": "processing", "payment_status": "pending", "delivery_status": "pending", "full_name": "nithya", "email": "sam@gmail.com", "phone": "08838233471", "shipping_address": "krishnagiri", "shipping_city": "Krishnagiri", "shipping_state": "Tamilnadu", "shipping_pincode": "635112", "delivery_zone": null, "estimated_delivery_date": "2026-04-07", "tracking_number": "", "razorpay_order_id": "kv-ph-e1332872dc25469f9572", "razorpay_payment_id": "", "transaction_id": "", "ordered_at": "2026-03-31T15:21:01.994Z", "updated_at": "2026-03-31T15:21:01.994Z"}}, {"model": "orders.userlibrary", "pk": "212a8e5f-093d-43c3-8a09-7f63326d6375", "fields": {"user": "7df8ace3-a172-4ebf-840d-6e54bd927580", "book": "dfc1b6af-ebf3-413c-a31d-60b005f24e3e", "purchased_at": "2026-03-31T09:04:04.679Z", "order": null}}, {"model": "orders.userlibrary", "pk": "23cf6532-03bf-46f4-9b66-55ecfaaa7309", "fields": {"user": "9326dd3d-193f-4a04-bc99-9161ef08c085", "book": "c83c1ce2-6c9d-4919-a627-4ccfe249b0e0", "purchased_at": "2026-03-31T10:05:43.186Z", "order": null}}, {"model": "orders.userlibrary", "pk": "2904a7e6-6635-412d-95bb-6da268fc3e6a", "fields": {"user": "9326dd3d-193f-4a04-bc99-9161ef08c085", "book": "f0b53b3b-172e-4b87-92e8-c3fd8c6adcf3", "purchased_at": "2026-03-31T09:37:58.422Z", "order": null}}, {"model": "orders.userlibrary", "pk": "3309f23b-fc2e-4d50-89b3-b7bbff36dc08", "fields": {"user": "7df8ace3-a172-4ebf-840d-6e54bd927580", "book": "f0b53b3b-172e-4b87-92e8-c3fd8c6adcf3", "purchased_at": "2026-03-31T09:18:14.849Z", "order": null}}, {"model": "orders.userlibrary", "pk": "3af3cd17-e767-442f-8482-8652aabea17a", "fields": {"user": "b00a9878-613c-4c0f-9c07-6a7e01932694", "book": "127a5911-3861-4bbf-be1e-bcb45a16d03c", "purchased_at": "2026-03-31T07:29:35.417Z", "order": null}}, {"model": "orders.userlibrary", "pk": "415374a8-0f86-4541-ba3e-af5caed41701", "fields": {"user": "747a9011-510f-4dbe-a26b-2669058d6763", "book": "dfc1b6af-ebf3-413c-a31d-60b005f24e3e", "purchased_at": "2026-03-21T06:10:55.565Z", "order": null}}, {"model": "orders.userlibrary", "pk": "4f016930-9c91-4923-8991-484e548c83bf", "fields": {"user": "b00a9878-613c-4c0f-9c07-6a7e01932694", "book": "1c3d3c04-6295-49fd-82c6-ad4dc2f5a48c", "purchased_at": "2026-03-30T11:02:07.206Z", "order": null}}, {"model": "orders.userlibrary", "pk": "54b70b79-228f-4c20-b7b1-4119c67d4e29", "fields": {"user": "9326dd3d-193f-4a04-bc99-9161ef08c085", "book": "1c3d3c04-6295-49fd-82c6-ad4dc2f5a48c", "purchased_at": "2026-03-31T08:49:07.970Z", "order": null}}, {"model": "orders.userlibrary", "pk": "65159194-604d-410e-9dab-eefbff54763d", "fields": {"user": "b00a9878-613c-4c0f-9c07-6a7e01932694", "book": "dfc1b6af-ebf3-413c-a31d-60b005f24e3e", "purchased_at": "2026-03-21T09:20:47.683Z", "order": null}}, {"model": "orders.userlibrary", "pk": "6ff97c69-5088-45a0-b14b-e552d75065b4", "fields": {"user": "7df8ace3-a172-4ebf-840d-6e54bd927580", "book": "8ed7656a-117f-4b33-ae9b-e9c3572a99d7", "purchased_at": "2026-03-31T09:59:34.455Z", "order": null}}, {"model": "orders.userlibrary", "pk": "705f6388-3c3b-429b-85f0-18fe4f92f1e9", "fields": {"user": "b00a9878-613c-4c0f-9c07-6a7e01932694", "book": "f0b53b3b-172e-4b87-92e8-c3fd8c6adcf3", "purchased_at": "2026-03-21T07:59:16.085Z", "order": null}}, {"model": "orders.userlibrary", "pk": "90856f25-51be-429d-83db-16ad32558356", "fields": {"user": "b00a9878-613c-4c0f-9c07-6a7e01932694", "book": "c0dc16e7-3ce5-4327-bf9d-6082e94469b5", "purchased_at": "2026-03-21T09:21:54.547Z", "order": null}}, {"model": "orders.userlibrary", "pk": "b651b074-1fa2-45ba-bcab-7d3acde2597f", "fields": {"user": "992f4490-3067-4dce-b732-00c42236514a", "book": "987ba146-d780-4fd0-abb8-f847ee1be313", "purchased_at": "2026-04-01T03:16:30.251Z", "order": null}}, {"model": "orders.userlibrary", "pk": "cffbab58-1bee-4833-ab41-80523296f493", "fields": {"user": "10b73889-af6a-4384-98f0-2dd11e9bd7cb", "book": "987ba146-d780-4fd0-abb8-f847ee1be313", "purchased_at": "2026-03-31T16:18:58.172Z", "order": null}}, {"model": "orders.userlibrary", "pk": "e4cf345d-a85b-44d3-ba40-18d5de43eb33", "fields": {"user": "b00a9878-613c-4c0f-9c07-6a7e01932694", "book": "b5a512b3-a110-48ab-8151-d76680d2be97", "purchased_at": "2026-03-16T15:24:44.454Z", "order": null}}, {"model": "orders.userlibrary", "pk": "ee325984-a254-41c5-a9f0-cb78342a98e4", "fields": {"user": "7df8ace3-a172-4ebf-840d-6e54bd927580", "book": "b5a512b3-a110-48ab-8151-d76680d2be97", "purchased_at": "2026-03-31T10:25:14.465Z", "order": null}}, {"model": "orders.userlibrary", "pk": "ee48bb2a-e985-4bfb-8efe-28a69bd9c782", "fields": {"user": "9326dd3d-193f-4a04-bc99-9161ef08c085", "book": "dfc1b6af-ebf3-413c-a31d-60b005f24e3e", "purchased_at": "2026-03-31T09:03:13.262Z", "order": null}}, {"model": "orders.ebookpurchase", "pk": "0e0d5f96-bc48-401a-95f0-36e0faf74309", "fields": {"user": "7df8ace3-a172-4ebf-840d-6e54bd927580", "book": "f0b53b3b-172e-4b87-92e8-c3fd8c6adcf3", "user_name": "Sankar V", "email": "sankarvengadesan1909@gmail.com", "phone": "8098750707", "address": "Theerthamalai", "price": "160.00", "payment_status": "completed", "access_token": null, "access_token_created": null, "access_token_expires": null, "order_id": null, "cashfree_order_id": null, "cashfree_payment_id": null, "razorpay_order_id": null, "razorpay_payment_id": null, "razorpay_signature": null, "transaction_id": "sim_0e0d5f96-bc48-401a-95f0-36e0faf74309", "current_page": 0, "reading_progress": {}, "order_date": "2026-03-31T09:18:14.835Z", "updated_at": "2026-03-31T09:18:14.841Z"}}, {"model": "orders.ebookpurchase", "pk": "0fc2ebf1-29a5-41f8-950a-66a6d803f5a2", "fields": {"user": "b00a9878-613c-4c0f-9c07-6a7e01932694", "book": "b5a512b3-a110-48ab-8151-d76680d2be97", "user_name": "nithya", "email": "nithyavidhya414@gmail.com", "phone": "08838233471", "address": "Bengaluru", "price": "160.00", "payment_status": "completed", "access_token": null, "access_token_created": null, "access_token_expires": null, "order_id": null, "cashfree_order_id": null, "cashfree_payment_id": null, "razorpay_order_id": null, "razorpay_payment_id": null, "razorpay_signature": null, "transaction_id": "test_txn_0fc2ebf1-29a5-41f8-950a-66a6d803f5a2", "current_page": 0, "reading_progress": {}, "order_date": "2026-03-16T15:24:44.435Z", "updated_at": "2026-03-16T15:24:44.443Z"}}, {"model": "orders.ebookpurchase", "pk": "1866463a-6336-4661-a94b-33847374e6c6", "fields": {"user": "747a9011-510f-4dbe-a26b-2669058d6763", "book": "dfc1b6af-ebf3-413c-a31d-60b005f24e3e", "user_name": "Sanjay", "email": "bp1119tr@gmail.com", "phone": "9384148549", "address": "Dpi", "price": "170.00", "payment_status": "completed", "access_token": null, "access_token_created": null, "access_token_expires": null, "order_id": null, "cashfree_order_id": null, "cashfree_payment_id": null, "razorpay_order_id": null, "razorpay_payment_id": null, "razorpay_signature": null, "transaction_id": "test_txn_1866463a-6336-4661-a94b-33847374e6c6", "current_page": 0, "reading_progress": {}, "order_date": "2026-03-21T06:10:55.558Z", "updated_at": "2026-03-21T06:10:55.561Z"}}, {"model": "orders.ebookpurchase", "pk": "27bd9d89-ece3-4db7-8a55-281d9a009769", "fields": {"user": "9326dd3d-193f-4a04-bc99-9161ef08c085", "book": "c83c1ce2-6c9d-4919-a627-4ccfe249b0e0", "user_name": "nithya", "email": "aadhi@gmail.com", "phone": "08838233471", "address": "Bengaluru", "price": "130.00", "payment_status": "completed", "access_token": null, "access_token_created": null, "access_token_expires": null, "order_id": null, "cashfree_order_id": null, "cashfree_payment_id": null, "razorpay_order_id": null, "razorpay_payment_id": null, "razorpay_signature": null, "transaction_id": "sim_27bd9d89-ece3-4db7-8a55-281d9a009769", "current_page": 0, "reading_progress": {}, "order_date": "2026-03-31T10:05:43.173Z", "updated_at": "2026-03-31T10:05:43.176Z"}}, {"model": "orders.ebookpurchase", "pk": "28d19513-7f47-487b-96bb-8b4cb0cc4f79", "fields": {"user": "9326dd3d-193f-4a04-bc99-9161ef08c085", "book": "dfc1b6af-ebf3-413c-a31d-60b005f24e3e", "user_name": "nithya", "email": "aadhi@gmail.com", "phone": "08838233471", "address": "Bengaluru", "price": "170.00", "payment_status": "completed", "access_token": null, "access_token_created": null, "access_token_expires": null, "order_id": null, "cashfree_order_id": null, "cashfree_payment_id": null, "razorpay_order_id": null, "razorpay_payment_id": null, "razorpay_signature": null, "transaction_id": "sim_28d19513-7f47-487b-96bb-8b4cb0cc4f79", "current_page": 0, "reading_progress": {}, "order_date": "2026-03-31T09:03:13.251Z", "updated_at": "2026-03-31T09:03:13.256Z"}}, {"model": "orders.ebookpurchase", "pk": "2ea965eb-044d-445b-83a4-deb045a0162f", "fields": {"user": "10b73889-af6a-4384-98f0-2dd11e9bd7cb", "book": "987ba146-d780-4fd0-abb8-f847ee1be313", "user_name": "nithya", "email": "sam@gmail.com", "phone": "08838233471", "address": "krishnagiri", "price": "1.00", "payment_status": "completed", "access_token": null, "access_token_created": null, "access_token_expires": null, "order_id": null, "cashfree_order_id": null, "cashfree_payment_id": null, "razorpay_order_id": "kv-eb-2ea965eb044d445b83a4", "razorpay_payment_id": "5268899600", "razorpay_signature": null, "transaction_id": "5268899600", "current_page": 0, "reading_progress": {}, "order_date": "2026-03-31T16:18:25.075Z", "updated_at": "2026-03-31T16:18:25.075Z"}}, {"model": "orders.ebookpurchase", "pk": "30a2f846-97ac-4d42-88bc-6866b61608f9", "fields": {"user": "9326dd3d-193f-4a04-bc99-9161ef08c085", "book": "127a5911-3861-4bbf-be1e-bcb45a16d03c", "user_name": "aadhi", "email": "aadhi@gmail.com", "phone": "08838233471", "address": "Bengaluru", "price": "160.00", "payment_status": "initiated", "access_token": null, "access_token_created": null, "access_token_expires": null, "order_id": null, "cashfree_order_id": null, "cashfree_payment_id": null, "razorpay_order_id": "kv-eb-30a2f84697ac4d4288bc", "razorpay_payment_id": null, "razorpay_signature": null, "transaction_id": null, "current_page": 0, "reading_progress": {}, "order_date": "2026-03-31T10:29:25.521Z", "updated_at": "2026-03-31T10:29:25.521Z"}}, {"model": "orders.ebookpurchase", "pk": "51308b45-b939-4c48-a62c-991b0c7e3fc1", "fields": {"user": "7df8ace3-a172-4ebf-840d-6e54bd927580", "book": "b5a512b3-a110-48ab-8151-d76680d2be97", "user_name": "Sankar V", "email": "sankarvengadesan1909@gmail.com", "phone": "09445742500", "address": "2/517, santhanur medu (vill),Thippireddihalli(post)\nDharmapuri (to&Dt)", "price": "160.00", "payment_status": "completed", "access_token": null, "access_token_created": null, "access_token_expires": null, "order_id": null, "cashfree_order_id": null, "cashfree_payment_id": null, "razorpay_order_id": null, "razorpay_payment_id": null, "razorpay_signature": null, "transaction_id": "sim_51308b45-b939-4c48-a62c-991b0c7e3fc1", "current_page": 0, "reading_progress": {}, "order_date": "2026-03-31T10:25:14.453Z", "updated_at": "2026-03-31T10:25:14.458Z"}}, {"model": "orders.ebookpurchase", "pk": "612669dd-981a-4d53-8bb8-a1d36cabf7cc", "fields": {"user": "9326dd3d-193f-4a04-bc99-9161ef08c085", "book": "f0b53b3b-172e-4b87-92e8-c3fd8c6adcf3", "user_name": "nithya", "email": "aadhi@gmail.com", "phone": "08838233471", "address": "Bengaluru", "price": "160.00", "payment_status": "completed", "access_token": null, "access_token_created": null, "access_token_expires": null, "order_id": null, "cashfree_order_id": null, "cashfree_payment_id": null, "razorpay_order_id": null, "razorpay_payment_id": null, "razorpay_signature": null, "transaction_id": "sim_612669dd-981a-4d53-8bb8-a1d36cabf7cc", "current_page": 0, "reading_progress": {}, "order_date": "2026-03-31T09:37:58.405Z", "updated_at": "2026-03-31T09:37:58.416Z"}}, {"model": "orders.ebookpurchase", "pk": "682b7130-b672-4652-9f60-28d1ee897d5d", "fields": {"user": "b00a9878-613c-4c0f-9c07-6a7e01932694", "book": "dfc1b6af-ebf3-413c-a31d-60b005f24e3e", "user_name": "nithya", "email": "nithyavidhya414@gmail.com", "phone": "08838233471", "address": "Bengaluru", "price": "170.00", "payment_status": "completed", "access_token": null, "access_token_created": null, "access_token_expires": null, "order_id": null, "cashfree_order_id": null, "cashfree_payment_id": null, "razorpay_order_id": null, "razorpay_payment_id": null, "razorpay_signature": null, "transaction_id": "test_txn_682b7130-b672-4652-9f60-28d1ee897d5d", "current_page": 0, "reading_progress": {}, "order_date": "2026-03-21T09:20:47.603Z", "updated_at": "2026-03-21T09:20:47.619Z"}}, {"model": "orders.ebookpurchase", "pk": "8e310ff8-46a4-4dbf-bd92-5a58f7b8cd04", "fields": {"user": "b00a9878-613c-4c0f-9c07-6a7e01932694", "book": "c0dc16e7-3ce5-4327-bf9d-6082e94469b5", "user_name": "nithya", "email": "nithyavidhya414@gmail.com", "phone": "08838233471", "address": "Bengaluru", "price": "130.00", "payment_status": "completed", "access_token": null, "access_token_created": null, "access_token_expires": null, "order_id": null, "cashfree_order_id": null, "cashfree_payment_id": null, "razorpay_order_id": null, "razorpay_payment_id": null, "razorpay_signature": null, "transaction_id": "test_txn_8e310ff8-46a4-4dbf-bd92-5a58f7b8cd04", "current_page": 0, "reading_progress": {}, "order_date": "2026-03-21T09:21:54.536Z", "updated_at": "2026-03-21T09:21:54.542Z"}}, {"model": "orders.ebookpurchase", "pk": "9bf9ed54-f0d4-447e-9558-efcb097c0143", "fields": {"user": "b00a9878-613c-4c0f-9c07-6a7e01932694", "book": "1c3d3c04-6295-49fd-82c6-ad4dc2f5a48c", "user_name": "nithya", "email": "nithyavidhya414@gmail.com", "phone": "08838233471", "address": "Bengaluru", "price": "140.00", "payment_status": "completed", "access_token": null, "access_token_created": null, "access_token_expires": null, "order_id": null, "cashfree_order_id": null, "cashfree_payment_id": null, "razorpay_order_id": null, "razorpay_payment_id": null, "razorpay_signature": null, "transaction_id": "test_txn_9bf9ed54-f0d4-447e-9558-efcb097c0143", "current_page": 0, "reading_progress": {}, "order_date": "2026-03-30T11:02:07.189Z", "updated_at": "2026-03-30T11:02:07.193Z"}}, {"model": "orders.ebookpurchase", "pk": "9fb7a271-8269-4ffc-8b37-55935f5dfa35", "fields": {"user": "992f4490-3067-4dce-b732-00c42236514a", "book": "987ba146-d780-4fd0-abb8-f847ee1be313", "user_name": "Karthik", "email": "karthick126sk@gmail.com", "phone": "+91 769 5859142", "address": "Krishnagiri", "price": "1.00", "payment_status": "completed", "access_token": null, "access_token_created": null, "access_token_expires": null, "order_id": null, "cashfree_order_id": null, "cashfree_payment_id": null, "razorpay_order_id": "kv-eb-9fb7a27182694ffc8b37", "razorpay_payment_id": "5271655809", "razorpay_signature": null, "transaction_id": "5271655809", "current_page": 0, "reading_progress": {}, "order_date": "2026-04-01T03:15:56.756Z", "updated_at": "2026-04-01T03:15:56.756Z"}}, {"model": "orders.ebookpurchase", "pk": "a721318b-6c56-448a-9d9f-d180d56f4a72", "fields": {"user": "10b73889-af6a-4384-98f0-2dd11e9bd7cb", "book": "dfc1b6af-ebf3-413c-a31d-60b005f24e3e", "user_name": "nithya", "email": "sam@gmail.com", "phone": "08838233471", "address": "krishnagiri", "price": "170.00", "payment_status": "initiated", "access_token": null, "access_token_created": null, "access_token_expires": null, "order_id": null, "cashfree_order_id": null, "cashfree_payment_id": null, "razorpay_order_id": "kv-eb-a721318b6c56448a9d9f", "razorpay_payment_id": null, "razorpay_signature": null, "transaction_id": null, "current_page": 0, "reading_progress": {}, "order_date": "2026-03-31T14:48:48.164Z", "updated_at": "2026-03-31T14:48:48.164Z"}}, {"model": "orders.ebookpurchase", "pk": "b4721996-5d90-4a36-9647-8826c1c8fc06", "fields": {"user": "7df8ace3-a172-4ebf-840d-6e54bd927580", "book": "dfc1b6af-ebf3-413c-a31d-60b005f24e3e", "user_name": "Sankar V", "email": "sankarvengadesan1909@gmail.com", "phone": "8098750707", "address": "Theerthamalai", "price": "170.00", "payment_status": "completed", "access_token": null, "access_token_created": null, "access_token_expires": null, "order_id": null, "cashfree_order_id": null, "cashfree_payment_id": null, "razorpay_order_id": null, "razorpay_payment_id": null, "razorpay_signature": null, "transaction_id": "sim_b4721996-5d90-4a36-9647-8826c1c8fc06", "current_page": 0, "reading_progress": {}, "order_date": "2026-03-31T09:04:04.661Z", "updated_at": "2026-03-31T09:04:04.672Z"}}, {"model": "orders.ebookpurchase", "pk": "b8fb5a9f-4fc4-4f72-8877-4ca34389a5aa", "fields": {"user": "7df8ace3-a172-4ebf-840d-6e54bd927580", "book": "c0dc16e7-3ce5-4327-bf9d-6082e94469b5", "user_name": "Sankar V", "email": "sankarvengadesan1909@gmail.com", "phone": "09445742500", "address": "2/517, santhanur medu (vill),Thippireddihalli(post)\nDharmapuri (to&Dt)", "price": "130.00", "payment_status": "initiated", "access_token": null, "access_token_created": null, "access_token_expires": null, "order_id": null, "cashfree_order_id": null, "cashfree_payment_id": null, "razorpay_order_id": "kv-eb-b8fb5a9f4fc44f728877", "razorpay_payment_id": null, "razorpay_signature": null, "transaction_id": null, "current_page": 0, "reading_progress": {}, "order_date": "2026-03-31T10:33:48.914Z", "updated_at": "2026-03-31T10:33:48.914Z"}}, {"model": "orders.ebookpurchase", "pk": "cf51fe91-b72c-498a-b18e-17e81e7ffd69", "fields": {"user": "7df8ace3-a172-4ebf-840d-6e54bd927580", "book": "c0dc16e7-3ce5-4327-bf9d-6082e94469b5", "user_name": "Sankar V", "email": "sankarvengadesan1909@gmail.com", "phone": "09445742500", "address": "2/517, santhanur medu (vill),Thippireddihalli(post)\nDharmapuri (to&Dt)", "price": "130.00", "payment_status": "initiated", "access_token": null, "access_token_created": null, "access_token_expires": null, "order_id": null, "cashfree_order_id": null, "cashfree_payment_id": null, "razorpay_order_id": "kv-eb-cf51fe91b72c498ab18e", "razorpay_payment_id": null, "razorpay_signature": null, "transaction_id": null, "current_page": 0, "reading_progress": {}, "order_date": "2026-03-31T10:29:46.192Z", "updated_at": "2026-03-31T10:29:46.192Z"}}, {"model": "orders.ebookpurchase", "pk": "d5312e96-2d14-42fe-91cc-e88a58e3a030", "fields": {"user": "b00a9878-613c-4c0f-9c07-6a7e01932694", "book": "f0b53b3b-172e-4b87-92e8-c3fd8c6adcf3", "user_name": "nithya", "email": "nithyavidhya414@gmail.com", "phone": "08838233471", "address": "Bengaluru", "price": "160.00", "payment_status": "completed", "access_token": null, "access_token_created": null, "access_token_expires": null, "order_id": null, "cashfree_order_id": null, "cashfree_payment_id": null, "razorpay_order_id": null, "razorpay_payment_id": null, "razorpay_signature": null, "transaction_id": "test_txn_d5312e96-2d14-42fe-91cc-e88a58e3a030", "current_page": 0, "reading_progress": {}, "order_date": "2026-03-21T07:59:16.078Z", "updated_at": "2026-03-21T07:59:16.081Z"}}, {"model": "orders.ebookpurchase", "pk": "e8016277-e8b5-4111-9ed9-3f068ad01ade", "fields": {"user": "9326dd3d-193f-4a04-bc99-9161ef08c085", "book": "1c3d3c04-6295-49fd-82c6-ad4dc2f5a48c", "user_name": "nithya", "email": "aadhi@gmail.com", "phone": "08838233471", "address": "Bengaluru", "price": "140.00", "payment_status": "completed", "access_token": null, "access_token_created": null, "access_token_expires": null, "order_id": null, "cashfree_order_id": null, "cashfree_payment_id": null, "razorpay_order_id": null, "razorpay_payment_id": null, "razorpay_signature": null, "transaction_id": "sim_e8016277-e8b5-4111-9ed9-3f068ad01ade", "current_page": 0, "reading_progress": {}, "order_date": "2026-03-31T08:49:07.946Z", "updated_at": "2026-03-31T08:49:07.955Z"}}, {"model": "orders.ebookpurchase", "pk": "eec1385a-10c9-4049-ba14-bc561973c049", "fields": {"user": "b00a9878-613c-4c0f-9c07-6a7e01932694", "book": "127a5911-3861-4bbf-be1e-bcb45a16d03c", "user_name": "nithya", "email": "nithyavidhya414@gmail.com", "phone": "08838233471", "address": "Bengaluru", "price": "160.00", "payment_status": "completed", "access_token": null, "access_token_created": null, "access_token_expires": null, "order_id": null, "cashfree_order_id": null, "cashfree_payment_id": null, "razorpay_order_id": null, "razorpay_payment_id": null, "razorpay_signature": null, "transaction_id": "sim_eec1385a-10c9-4049-ba14-bc561973c049", "current_page": 0, "reading_progress": {}, "order_date": "2026-03-31T07:29:35.392Z", "updated_at": "2026-03-31T07:29:35.408Z"}}, {"model": "orders.ebookpurchase", "pk": "f627868a-77af-41ad-abed-d491083dc2d8", "fields": {"user": "7df8ace3-a172-4ebf-840d-6e54bd927580", "book": "8ed7656a-117f-4b33-ae9b-e9c3572a99d7", "user_name": "Sankar V", "email": "sankarvengadesan1909@gmail.com", "phone": "8098750707", "address": "Theerthamalai", "price": "160.00", "payment_status": "completed", "access_token": null, "access_token_created": null, "access_token_expires": null, "order_id": null, "cashfree_order_id": null, "cashfree_payment_id": null, "razorpay_order_id": null, "razorpay_payment_id": null, "razorpay_signature": null, "transaction_id": "sim_f627868a-77af-41ad-abed-d491083dc2d8", "current_page": 0, "reading_progress": {}, "order_date": "2026-03-31T09:59:34.446Z", "updated_at": "2026-03-31T09:59:34.451Z"}}, {"model": "orders.cartcheckoutsession", "pk": "2ac224d4-5886-40c6-ac34-f35cc8448740", "fields": {"user": "7df8ace3-a172-4ebf-840d-6e54bd927580", "cashfree_order_id": "kv-ct-2ac224d4588640c6ac34", "items": [{"qty": 1, "price": 144, "title": "இருவிழி நினைவுகள்", "book_id": "f0b53b3b-172e-4b87-92e8-c3fd8c6adcf3", "book_type": "physical"}], "total_amount": "184.00", "status": "pending", "created_at": "2026-03-31T10:37:42.605Z"}}]